image,model,condition,num_detections,inference_time_ms
000000073946.jpg,YOLOv8m,clean,2,3132.007122039795
000000434247.jpg,YOLOv8m,clean,3,112.31350898742676
000000336265.jpg,YOLOv8m,clean,1,112.28227615356445
000000049259.jpg,YOLOv8m,clean,1,103.8970947265625
000000434548.jpg,YOLOv8m,clean,1,109.48038101196289
000000205324.jpg,YOLOv8m,clean,1,40.51566123962402
000000360960.jpg,YOLOv8m,clean,7,39.68405723571777
000000483667.jpg,YOLOv8m,clean,1,36.75127029418945
000000114907.jpg,YOLOv8m,clean,21,40.45891761779785
000000450686.jpg,YOLOv8m,clean,1,111.49358749389648
000000508370.jpg,YOLOv8m,clean,3,34.17849540710449
000000516601.jpg,YOLOv8m,clean,10,106.6277027130127
000000032941.jpg,YOLOv8m,clean,6,35.14981269836426
000000156071.jpg,YOLOv8m,clean,14,34.54780578613281
000000295420.jpg,YOLOv8m,clean,2,31.760215759277344
000000033005.jpg,YOLOv8m,clean,1,31.96120262145996
000000147740.jpg,YOLOv8m,clean,7,32.67025947570801
000000516173.jpg,YOLOv8m,clean,2,104.42423820495605
000000221754.jpg,YOLOv8m,clean,5,30.770301818847656
000000360661.jpg,YOLOv8m,clean,4,31.653165817260742
000000065736.jpg,YOLOv8m,clean,1,28.980255126953125
000000205105.jpg,YOLOv8m,clean,1,28.144359588623047
000000426376.jpg,YOLOv8m,clean,1,29.555559158325195
000000025096.jpg,YOLOv8m,clean,3,42.03462600708008
000000204871.jpg,YOLOv8m,clean,2,37.610769271850586
000000270677.jpg,YOLOv8m,clean,1,39.30091857910156
000000475191.jpg,YOLOv8m,clean,1,30.46107292175293
000000377393.jpg,YOLOv8m,clean,3,30.398845672607422
000000303653.jpg,YOLOv8m,clean,3,31.546592712402344
000000459272.jpg,YOLOv8m,clean,9,29.615402221679688
000000238013.jpg,YOLOv8m,clean,1,29.584884643554688
000000270474.jpg,YOLOv8m,clean,1,31.403303146362305
000000508312.jpg,YOLOv8m,clean,0,29.203414916992188
000000295316.jpg,YOLOv8m,clean,4,32.89198875427246
000000262587.jpg,YOLOv8m,clean,1,29.67238426208496
000000066038.jpg,YOLOv8m,clean,3,31.858444213867188
000000516318.jpg,YOLOv8m,clean,1,29.96039390563965
000000352760.jpg,YOLOv8m,clean,1,106.83751106262207
000000475484.jpg,YOLOv8m,clean,3,31.837940216064453
000000532530.jpg,YOLOv8m,clean,3,33.45680236816406
000000025057.jpg,YOLOv8m,clean,2,29.508590698242188
000000262487.jpg,YOLOv8m,clean,4,33.80727767944336
000000114884.jpg,YOLOv8m,clean,12,32.04655647277832
000000106912.jpg,YOLOv8m,clean,1,34.94000434875488
000000016451.jpg,YOLOv8m,clean,1,33.85424613952637
000000459195.jpg,YOLOv8m,clean,3,32.61065483093262
000000278749.jpg,YOLOv8m,clean,8,31.39805793762207
000000033104.jpg,YOLOv8m,clean,5,112.33115196228027
000000065798.jpg,YOLOv8m,clean,6,33.39433670043945
000000229659.jpg,YOLOv8m,clean,5,30.252933502197266
000000369037.jpg,YOLOv8m,clean,1,28.987884521484375
000000541123.jpg,YOLOv8m,clean,9,28.61952781677246
000000451084.jpg,YOLOv8m,clean,1,27.025222778320312
000000467315.jpg,YOLOv8m,clean,2,29.038429260253906
000000008690.jpg,YOLOv8m,clean,4,32.15599060058594
000000180751.jpg,YOLOv8m,clean,2,30.091285705566406
000000033221.jpg,YOLOv8m,clean,9,29.624462127685547
000000188592.jpg,YOLOv8m,clean,1,32.14716911315918
000000492110.jpg,YOLOv8m,clean,3,30.337095260620117
000000311394.jpg,YOLOv8m,clean,1,30.89284896850586
000000442746.jpg,YOLOv8m,clean,1,32.00340270996094
000000229601.jpg,YOLOv8m,clean,8,29.855966567993164
000000295478.jpg,YOLOv8m,clean,1,31.55684471130371
000000188465.jpg,YOLOv8m,clean,11,30.997753143310547
000000376900.jpg,YOLOv8m,clean,13,30.921459197998047
000000541055.jpg,YOLOv8m,clean,5,28.516292572021484
000000500270.jpg,YOLOv8m,clean,4,28.86486053466797
000000188439.jpg,YOLOv8m,clean,2,103.53755950927734
000000057672.jpg,YOLOv8m,clean,14,32.2873592376709
000000459153.jpg,YOLOv8m,clean,1,35.05897521972656
000000032817.jpg,YOLOv8m,clean,2,31.33988380432129
000000458992.jpg,YOLOv8m,clean,2,30.103206634521484
000000532855.jpg,YOLOv8m,clean,2,30.43675422668457
000000467511.jpg,YOLOv8m,clean,2,30.629873275756836
000000549055.jpg,YOLOv8m,clean,1,104.03585433959961
000000393226.jpg,YOLOv8m,clean,1,32.70530700683594
000000311392.jpg,YOLOv8m,clean,2,31.775474548339844
000000270883.jpg,YOLOv8m,clean,1,29.494285583496094
000000278973.jpg,YOLOv8m,clean,1,31.94451332092285
000000368961.jpg,YOLOv8m,clean,2,31.02278709411621
000000500257.jpg,YOLOv8m,clean,4,33.25295448303223
000000295138.jpg,YOLOv8m,clean,2,31.508684158325195
000000082085.jpg,YOLOv8m,clean,6,39.98899459838867
000000180487.jpg,YOLOv8m,clean,2,27.075767517089844
000000532493.jpg,YOLOv8m,clean,1,31.144142150878906
000000229948.jpg,YOLOv8m,clean,9,29.724597930908203
000000303566.jpg,YOLOv8m,clean,19,29.6173095703125
000000319607.jpg,YOLOv8m,clean,1,33.705949783325195
000000090284.jpg,YOLOv8m,clean,1,30.876636505126953
000000434204.jpg,YOLOv8m,clean,4,30.98773956298828
000000516677.jpg,YOLOv8m,clean,8,32.050132751464844
000000106757.jpg,YOLOv8m,clean,2,31.69846534729004
000000352684.jpg,YOLOv8m,clean,9,29.11853790283203
000000327701.jpg,YOLOv8m,clean,5,31.45575523376465
000000352582.jpg,YOLOv8m,clean,2,30.182600021362305
000000377239.jpg,YOLOv8m,clean,5,30.050277709960938
000000475572.jpg,YOLOv8m,clean,2,27.789592742919922
000000475387.jpg,YOLOv8m,clean,12,31.48961067199707
000000147725.jpg,YOLOv8m,clean,2,31.969308853149414
000000262631.jpg,YOLOv8m,clean,3,31.758785247802734
000000401862.jpg,YOLOv8m,clean,8,35.30144691467285
000000074092.jpg,YOLOv8m,clean,6,32.730817794799805
000000172617.jpg,YOLOv8m,clean,1,32.8369140625
000000016598.jpg,YOLOv8m,clean,1,32.45043754577637
000000074256.jpg,YOLOv8m,clean,5,32.581329345703125
000000434459.jpg,YOLOv8m,clean,7,33.29038619995117
000000213547.jpg,YOLOv8m,clean,2,31.107425689697266
000000303499.jpg,YOLOv8m,clean,2,32.442569732666016
000000008532.jpg,YOLOv8m,clean,1,30.658960342407227
000000352491.jpg,YOLOv8m,clean,3,31.511783599853516
000000451155.jpg,YOLOv8m,clean,2,28.52153778076172
000000180560.jpg,YOLOv8m,clean,3,30.62272071838379
000000115245.jpg,YOLOv8m,clean,2,35.05444526672363
000000426203.jpg,YOLOv8m,clean,1,31.065940856933594
000000532481.jpg,YOLOv8m,clean,2,32.81378746032715
000000074200.jpg,YOLOv8m,clean,3,32.04703330993652
000000278848.jpg,YOLOv8m,clean,5,27.343034744262695
000000287291.jpg,YOLOv8m,clean,4,29.495716094970703
000000328238.jpg,YOLOv8m,clean,8,28.392314910888672
000000336232.jpg,YOLOv8m,clean,3,31.208038330078125
000000336053.jpg,YOLOv8m,clean,5,33.058881759643555
000000377113.jpg,YOLOv8m,clean,10,32.27114677429199
000000344268.jpg,YOLOv8m,clean,1,31.381845474243164
000000131444.jpg,YOLOv8m,clean,1,31.576156616210938
000000492077.jpg,YOLOv8m,clean,7,32.26113319396973
000000336209.jpg,YOLOv8m,clean,1,30.57575225830078
000000508101.jpg,YOLOv8m,clean,4,31.409263610839844
000000032887.jpg,YOLOv8m,clean,2,31.1892032623291
000000131556.jpg,YOLOv8m,clean,4,30.08890151977539
000000385190.jpg,YOLOv8m,clean,6,31.915903091430664
000000057597.jpg,YOLOv8m,clean,19,32.798051834106445
000000074058.jpg,YOLOv8m,clean,3,28.434276580810547
000000417911.jpg,YOLOv8m,clean,1,33.977508544921875
000000524850.jpg,YOLOv8m,clean,22,31.61144256591797
000000213171.jpg,YOLOv8m,clean,1,32.4711799621582
000000131138.jpg,YOLOv8m,clean,0,32.20510482788086
000000540932.jpg,YOLOv8m,clean,7,31.713008880615234
000000057760.jpg,YOLOv8m,clean,15,31.108379364013672
000000426268.jpg,YOLOv8m,clean,1,32.936811447143555
000000467176.jpg,YOLOv8m,clean,5,29.664993286132812
000000081988.jpg,YOLOv8m,clean,5,29.666662216186523
000000032901.jpg,YOLOv8m,clean,5,108.612060546875
000000532690.jpg,YOLOv8m,clean,4,31.548261642456055
000000442836.jpg,YOLOv8m,clean,3,33.84065628051758
000000368752.jpg,YOLOv8m,clean,5,31.444549560546875
000000524456.jpg,YOLOv8m,clean,1,31.832218170166016
000000147729.jpg,YOLOv8m,clean,8,30.3347110748291
000000254368.jpg,YOLOv8m,clean,1,30.469179153442383
000000213086.jpg,YOLOv8m,clean,1,37.53542900085449
000000229553.jpg,YOLOv8m,clean,1,43.93649101257324
000000098853.jpg,YOLOv8m,clean,13,31.1129093170166
000000336356.jpg,YOLOv8m,clean,5,32.84859657287598
000000442480.jpg,YOLOv8m,clean,2,31.99601173400879
000000451144.jpg,YOLOv8m,clean,2,32.036542892456055
000000180383.jpg,YOLOv8m,clean,2,29.694080352783203
000000098392.jpg,YOLOv8m,clean,3,30.514240264892578
000000507975.jpg,YOLOv8m,clean,6,33.53619575500488
000000172571.jpg,YOLOv8m,clean,1,31.436920166015625
000000156076.jpg,YOLOv8m,clean,3,35.28881072998047
000000458755.jpg,YOLOv8m,clean,2,32.63425827026367
000000213033.jpg,YOLOv8m,clean,1,31.804561614990234
000000549220.jpg,YOLOv8m,clean,4,30.44438362121582
000000098716.jpg,YOLOv8m,clean,3,29.366731643676758
000000565778.jpg,YOLOv8m,clean,4,31.75067901611328
000000565563.jpg,YOLOv8m,clean,0,32.06825256347656
000000221291.jpg,YOLOv8m,clean,1,31.266212463378906
000000000139.jpg,YOLOv8m,clean,1,33.36501121520996
000000229849.jpg,YOLOv8m,clean,12,32.937049865722656
000000254516.jpg,YOLOv8m,clean,9,31.428098678588867
000000123213.jpg,YOLOv8m,clean,8,30.420541763305664
000000393569.jpg,YOLOv8m,clean,1,31.072378158569336
000000008211.jpg,YOLOv8m,clean,2,32.11069107055664
000000442456.jpg,YOLOv8m,clean,2,31.445026397705078
000000303305.jpg,YOLOv8m,clean,1,32.71985054016113
000000466986.jpg,YOLOv8m,clean,2,32.614946365356445
000000377368.jpg,YOLOv8m,clean,1,33.440351486206055
000000491867.jpg,YOLOv8m,clean,3,31.97193145751953
000000122962.jpg,YOLOv8m,clean,26,33.37860107421875
000000205333.jpg,YOLOv8m,clean,2,174.37314987182617
000000418062.jpg,YOLOv8m,clean,5,46.738624572753906
000000319721.jpg,YOLOv8m,clean,3,43.66803169250488
000000032861.jpg,YOLOv8m,clean,1,36.37075424194336
000000254016.jpg,YOLOv8m,clean,1,35.207271575927734
000000213255.jpg,YOLOv8m,clean,1,32.576560974121094
000000426241.jpg,YOLOv8m,clean,1,37.24479675292969
000000278705.jpg,YOLOv8m,clean,2,33.33139419555664
000000205289.jpg,YOLOv8m,clean,1,32.173871994018555
000000442463.jpg,YOLOv8m,clean,1,35.887956619262695
000000451043.jpg,YOLOv8m,clean,1,33.5392951965332
000000549390.jpg,YOLOv8m,clean,6,32.8671932220459
000000107094.jpg,YOLOv8m,clean,1,33.45799446105957
000000393469.jpg,YOLOv8m,clean,1,36.7732048034668
000000311303.jpg,YOLOv8m,clean,1,35.823822021484375
000000270908.jpg,YOLOv8m,clean,1,33.78605842590332
000000434230.jpg,YOLOv8m,clean,3,34.851789474487305
000000516143.jpg,YOLOv8m,clean,1,34.490108489990234
000000401446.jpg,YOLOv8m,clean,1,33.6761474609375
000000213035.jpg,YOLOv8m,clean,3,32.38701820373535
000000319534.jpg,YOLOv8m,clean,5,35.31193733215332
000000385029.jpg,YOLOv8m,clean,1,32.099008560180664
000000073946.jpg,YOLOv9m,clean,2,836.1043930053711
000000434247.jpg,YOLOv9m,clean,2,123.6724853515625
000000336265.jpg,YOLOv9m,clean,1,124.06206130981445
000000049259.jpg,YOLOv9m,clean,1,127.62618064880371
000000434548.jpg,YOLOv9m,clean,1,128.05938720703125
000000205324.jpg,YOLOv9m,clean,2,43.35427284240723
000000360960.jpg,YOLOv9m,clean,7,43.81132125854492
000000483667.jpg,YOLOv9m,clean,1,39.87240791320801
000000114907.jpg,YOLOv9m,clean,26,42.746782302856445
000000450686.jpg,YOLOv9m,clean,1,122.28989601135254
000000508370.jpg,YOLOv9m,clean,3,45.99261283874512
000000516601.jpg,YOLOv9m,clean,11,126.80840492248535
000000032941.jpg,YOLOv9m,clean,3,49.825191497802734
000000156071.jpg,YOLOv9m,clean,12,49.26156997680664
000000295420.jpg,YOLOv9m,clean,2,46.74959182739258
000000033005.jpg,YOLOv9m,clean,1,48.10833930969238
000000147740.jpg,YOLOv9m,clean,6,48.41876029968262
000000516173.jpg,YOLOv9m,clean,1,124.52268600463867
000000221754.jpg,YOLOv9m,clean,4,44.7084903717041
000000360661.jpg,YOLOv9m,clean,4,45.60446739196777
000000065736.jpg,YOLOv9m,clean,1,43.26319694519043
000000205105.jpg,YOLOv9m,clean,1,41.359901428222656
000000426376.jpg,YOLOv9m,clean,1,44.79384422302246
000000025096.jpg,YOLOv9m,clean,3,43.520450592041016
000000204871.jpg,YOLOv9m,clean,2,48.71368408203125
000000270677.jpg,YOLOv9m,clean,1,53.076982498168945
000000475191.jpg,YOLOv9m,clean,1,47.0428466796875
000000377393.jpg,YOLOv9m,clean,2,55.129051208496094
000000303653.jpg,YOLOv9m,clean,4,46.54884338378906
000000459272.jpg,YOLOv9m,clean,9,43.04194450378418
000000238013.jpg,YOLOv9m,clean,1,43.85781288146973
000000270474.jpg,YOLOv9m,clean,1,45.23777961730957
000000508312.jpg,YOLOv9m,clean,0,43.43247413635254
000000295316.jpg,YOLOv9m,clean,3,44.92020606994629
000000262587.jpg,YOLOv9m,clean,1,42.50168800354004
000000066038.jpg,YOLOv9m,clean,5,43.972015380859375
000000516318.jpg,YOLOv9m,clean,1,43.031930923461914
000000352760.jpg,YOLOv9m,clean,1,127.25639343261719
000000475484.jpg,YOLOv9m,clean,3,43.9915657043457
000000532530.jpg,YOLOv9m,clean,3,43.195486068725586
000000025057.jpg,YOLOv9m,clean,2,42.627811431884766
000000262487.jpg,YOLOv9m,clean,3,47.226667404174805
000000114884.jpg,YOLOv9m,clean,12,45.77445983886719
000000106912.jpg,YOLOv9m,clean,1,49.17597770690918
000000016451.jpg,YOLOv9m,clean,1,47.35445976257324
000000459195.jpg,YOLOv9m,clean,3,44.62695121765137
000000278749.jpg,YOLOv9m,clean,8,42.57082939147949
000000033104.jpg,YOLOv9m,clean,7,130.83314895629883
000000065798.jpg,YOLOv9m,clean,5,41.8543815612793
000000229659.jpg,YOLOv9m,clean,5,41.89634323120117
000000369037.jpg,YOLOv9m,clean,1,42.243242263793945
000000541123.jpg,YOLOv9m,clean,8,43.599843978881836
000000451084.jpg,YOLOv9m,clean,1,41.292428970336914
000000467315.jpg,YOLOv9m,clean,2,41.61524772644043
000000008690.jpg,YOLOv9m,clean,4,44.79360580444336
000000180751.jpg,YOLOv9m,clean,2,42.0680046081543
000000033221.jpg,YOLOv9m,clean,9,42.053937911987305
000000188592.jpg,YOLOv9m,clean,1,43.593406677246094
000000492110.jpg,YOLOv9m,clean,3,41.91231727600098
000000311394.jpg,YOLOv9m,clean,1,41.82910919189453
000000442746.jpg,YOLOv9m,clean,1,44.9681282043457
000000229601.jpg,YOLOv9m,clean,8,41.8696403503418
000000295478.jpg,YOLOv9m,clean,1,44.03257369995117
000000188465.jpg,YOLOv9m,clean,9,43.39861869812012
000000376900.jpg,YOLOv9m,clean,13,43.6100959777832
000000541055.jpg,YOLOv9m,clean,5,41.34082794189453
000000500270.jpg,YOLOv9m,clean,4,41.902780532836914
000000188439.jpg,YOLOv9m,clean,2,127.52294540405273
000000057672.jpg,YOLOv9m,clean,18,44.36612129211426
000000459153.jpg,YOLOv9m,clean,1,48.36726188659668
000000032817.jpg,YOLOv9m,clean,2,42.98830032348633
000000458992.jpg,YOLOv9m,clean,1,39.02173042297363
000000532855.jpg,YOLOv9m,clean,1,42.139291763305664
000000467511.jpg,YOLOv9m,clean,2,43.793439865112305
000000549055.jpg,YOLOv9m,clean,1,124.67217445373535
000000393226.jpg,YOLOv9m,clean,1,44.838666915893555
000000311392.jpg,YOLOv9m,clean,3,43.19882392883301
000000270883.jpg,YOLOv9m,clean,1,41.82863235473633
000000278973.jpg,YOLOv9m,clean,1,45.64619064331055
000000368961.jpg,YOLOv9m,clean,2,43.86591911315918
000000500257.jpg,YOLOv9m,clean,4,44.599056243896484
000000295138.jpg,YOLOv9m,clean,2,42.424678802490234
000000082085.jpg,YOLOv9m,clean,5,42.28973388671875
000000180487.jpg,YOLOv9m,clean,2,42.02461242675781
000000532493.jpg,YOLOv9m,clean,1,43.83373260498047
000000229948.jpg,YOLOv9m,clean,11,42.792320251464844
000000303566.jpg,YOLOv9m,clean,18,42.67168045043945
000000319607.jpg,YOLOv9m,clean,3,47.489166259765625
000000090284.jpg,YOLOv9m,clean,1,45.16959190368652
000000434204.jpg,YOLOv9m,clean,4,48.506736755371094
000000516677.jpg,YOLOv9m,clean,8,51.22041702270508
000000106757.jpg,YOLOv9m,clean,1,49.53742027282715
000000352684.jpg,YOLOv9m,clean,9,46.94986343383789
000000327701.jpg,YOLOv9m,clean,4,46.259164810180664
000000352582.jpg,YOLOv9m,clean,2,40.62199592590332
000000377239.jpg,YOLOv9m,clean,4,44.08979415893555
000000475572.jpg,YOLOv9m,clean,2,41.46313667297363
000000475387.jpg,YOLOv9m,clean,9,43.67518424987793
000000147725.jpg,YOLOv9m,clean,2,42.78159141540527
000000262631.jpg,YOLOv9m,clean,2,43.164730072021484
000000401862.jpg,YOLOv9m,clean,8,50.67110061645508
000000074092.jpg,YOLOv9m,clean,7,44.76308822631836
000000172617.jpg,YOLOv9m,clean,1,45.3188419342041
000000016598.jpg,YOLOv9m,clean,1,43.52068901062012
000000074256.jpg,YOLOv9m,clean,5,44.04783248901367
000000434459.jpg,YOLOv9m,clean,6,44.168949127197266
000000213547.jpg,YOLOv9m,clean,2,43.1973934173584
000000303499.jpg,YOLOv9m,clean,2,43.52307319641113
000000008532.jpg,YOLOv9m,clean,1,43.77245903015137
000000352491.jpg,YOLOv9m,clean,4,44.9831485748291
000000451155.jpg,YOLOv9m,clean,1,40.13562202453613
000000180560.jpg,YOLOv9m,clean,2,42.879343032836914
000000115245.jpg,YOLOv9m,clean,2,48.72393608093262
000000426203.jpg,YOLOv9m,clean,2,44.638872146606445
000000532481.jpg,YOLOv9m,clean,2,45.70746421813965
000000074200.jpg,YOLOv9m,clean,1,43.27678680419922
000000278848.jpg,YOLOv9m,clean,4,42.957305908203125
000000287291.jpg,YOLOv9m,clean,4,48.77901077270508
000000328238.jpg,YOLOv9m,clean,7,50.06980895996094
000000336232.jpg,YOLOv9m,clean,3,40.088653564453125
000000336053.jpg,YOLOv9m,clean,7,45.07780075073242
000000377113.jpg,YOLOv9m,clean,7,43.73741149902344
000000344268.jpg,YOLOv9m,clean,1,43.87521743774414
000000131444.jpg,YOLOv9m,clean,1,42.95015335083008
000000492077.jpg,YOLOv9m,clean,8,45.0589656829834
000000336209.jpg,YOLOv9m,clean,1,42.877912521362305
000000508101.jpg,YOLOv9m,clean,3,43.61319541931152
000000032887.jpg,YOLOv9m,clean,2,42.8621768951416
000000131556.jpg,YOLOv9m,clean,3,42.528390884399414
000000385190.jpg,YOLOv9m,clean,6,43.00951957702637
000000057597.jpg,YOLOv9m,clean,22,43.90883445739746
000000074058.jpg,YOLOv9m,clean,3,40.50874710083008
000000417911.jpg,YOLOv9m,clean,1,43.709516525268555
000000524850.jpg,YOLOv9m,clean,19,42.50621795654297
000000213171.jpg,YOLOv9m,clean,1,44.1133975982666
000000131138.jpg,YOLOv9m,clean,1,44.637441635131836
000000540932.jpg,YOLOv9m,clean,7,44.13437843322754
000000057760.jpg,YOLOv9m,clean,15,44.00157928466797
000000426268.jpg,YOLOv9m,clean,1,45.171499252319336
000000467176.jpg,YOLOv9m,clean,4,41.06879234313965
000000081988.jpg,YOLOv9m,clean,5,41.81861877441406
000000032901.jpg,YOLOv9m,clean,5,126.26004219055176
000000532690.jpg,YOLOv9m,clean,4,40.636539459228516
000000442836.jpg,YOLOv9m,clean,3,45.77922821044922
000000368752.jpg,YOLOv9m,clean,5,43.434858322143555
000000524456.jpg,YOLOv9m,clean,1,44.072628021240234
000000147729.jpg,YOLOv9m,clean,9,42.40083694458008
000000254368.jpg,YOLOv9m,clean,1,41.82291030883789
000000213086.jpg,YOLOv9m,clean,1,43.792724609375
000000229553.jpg,YOLOv9m,clean,1,44.90208625793457
000000098853.jpg,YOLOv9m,clean,14,43.89619827270508
000000336356.jpg,YOLOv9m,clean,5,41.43786430358887
000000442480.jpg,YOLOv9m,clean,2,43.60604286193848
000000451144.jpg,YOLOv9m,clean,2,44.94500160217285
000000180383.jpg,YOLOv9m,clean,2,41.231393814086914
000000098392.jpg,YOLOv9m,clean,3,42.47879981994629
000000507975.jpg,YOLOv9m,clean,6,44.56377029418945
000000172571.jpg,YOLOv9m,clean,2,43.785810470581055
000000156076.jpg,YOLOv9m,clean,3,45.74990272521973
000000458755.jpg,YOLOv9m,clean,3,44.144392013549805
000000213033.jpg,YOLOv9m,clean,1,43.122291564941406
000000549220.jpg,YOLOv9m,clean,3,41.65315628051758
000000098716.jpg,YOLOv9m,clean,4,40.49515724182129
000000565778.jpg,YOLOv9m,clean,4,44.92783546447754
000000565563.jpg,YOLOv9m,clean,1,43.27249526977539
000000221291.jpg,YOLOv9m,clean,1,42.05012321472168
000000000139.jpg,YOLOv9m,clean,2,45.41158676147461
000000229849.jpg,YOLOv9m,clean,11,63.567399978637695
000000254516.jpg,YOLOv9m,clean,11,42.27137565612793
000000123213.jpg,YOLOv9m,clean,9,42.00553894042969
000000393569.jpg,YOLOv9m,clean,1,43.19310188293457
000000008211.jpg,YOLOv9m,clean,3,44.00229454040527
000000442456.jpg,YOLOv9m,clean,2,42.127370834350586
000000303305.jpg,YOLOv9m,clean,1,47.10578918457031
000000466986.jpg,YOLOv9m,clean,2,44.042110443115234
000000377368.jpg,YOLOv9m,clean,0,45.03321647644043
000000491867.jpg,YOLOv9m,clean,3,44.67916488647461
000000122962.jpg,YOLOv9m,clean,23,43.61104965209961
000000205333.jpg,YOLOv9m,clean,2,121.90961837768555
000000418062.jpg,YOLOv9m,clean,5,43.66159439086914
000000319721.jpg,YOLOv9m,clean,3,45.09544372558594
000000032861.jpg,YOLOv9m,clean,1,43.41006278991699
000000254016.jpg,YOLOv9m,clean,1,44.17896270751953
000000213255.jpg,YOLOv9m,clean,1,42.110443115234375
000000426241.jpg,YOLOv9m,clean,1,45.13907432556152
000000278705.jpg,YOLOv9m,clean,2,44.3882942199707
000000205289.jpg,YOLOv9m,clean,1,42.68622398376465
000000442463.jpg,YOLOv9m,clean,1,44.107675552368164
000000451043.jpg,YOLOv9m,clean,1,43.0605411529541
000000549390.jpg,YOLOv9m,clean,5,52.53934860229492
000000107094.jpg,YOLOv9m,clean,1,40.285348892211914
000000393469.jpg,YOLOv9m,clean,2,41.03517532348633
000000311303.jpg,YOLOv9m,clean,1,42.48452186584473
000000270908.jpg,YOLOv9m,clean,1,42.23060607910156
000000434230.jpg,YOLOv9m,clean,3,44.54827308654785
000000516143.jpg,YOLOv9m,clean,1,43.48945617675781
000000401446.jpg,YOLOv9m,clean,1,42.65165328979492
000000213035.jpg,YOLOv9m,clean,3,43.150901794433594
000000319534.jpg,YOLOv9m,clean,5,43.352603912353516
000000385029.jpg,YOLOv9m,clean,1,42.30904579162598
000000073946.jpg,YOLOv10m,clean,2,748.3048439025879
000000434247.jpg,YOLOv10m,clean,5,52.04272270202637
000000336265.jpg,YOLOv10m,clean,1,52.28924751281738
000000049259.jpg,YOLOv10m,clean,1,52.503347396850586
000000434548.jpg,YOLOv10m,clean,1,55.84907531738281
000000205324.jpg,YOLOv10m,clean,1,34.00373458862305
000000360960.jpg,YOLOv10m,clean,6,34.6529483795166
000000483667.jpg,YOLOv10m,clean,1,32.79423713684082
000000114907.jpg,YOLOv10m,clean,9,36.330223083496094
000000450686.jpg,YOLOv10m,clean,1,50.711631774902344
000000508370.jpg,YOLOv10m,clean,2,36.447763442993164
000000516601.jpg,YOLOv10m,clean,9,50.40621757507324
000000032941.jpg,YOLOv10m,clean,2,36.48972511291504
000000156071.jpg,YOLOv10m,clean,9,38.0253791809082
000000295420.jpg,YOLOv10m,clean,2,34.73234176635742
000000033005.jpg,YOLOv10m,clean,1,35.661935806274414
000000147740.jpg,YOLOv10m,clean,7,35.610198974609375
000000516173.jpg,YOLOv10m,clean,2,57.353973388671875
000000221754.jpg,YOLOv10m,clean,4,35.744428634643555
000000360661.jpg,YOLOv10m,clean,4,34.2862606048584
000000065736.jpg,YOLOv10m,clean,1,33.70189666748047
000000205105.jpg,YOLOv10m,clean,1,32.28187561035156
000000426376.jpg,YOLOv10m,clean,1,34.17491912841797
000000025096.jpg,YOLOv10m,clean,3,33.98895263671875
000000204871.jpg,YOLOv10m,clean,1,38.613319396972656
000000270677.jpg,YOLOv10m,clean,1,54.01921272277832
000000475191.jpg,YOLOv10m,clean,1,32.98354148864746
000000377393.jpg,YOLOv10m,clean,1,32.393693923950195
000000303653.jpg,YOLOv10m,clean,4,36.386728286743164
000000459272.jpg,YOLOv10m,clean,8,34.967899322509766
000000238013.jpg,YOLOv10m,clean,1,34.40284729003906
000000270474.jpg,YOLOv10m,clean,1,35.60137748718262
000000508312.jpg,YOLOv10m,clean,0,34.967899322509766
000000295316.jpg,YOLOv10m,clean,4,36.400794982910156
000000262587.jpg,YOLOv10m,clean,1,34.759521484375
000000066038.jpg,YOLOv10m,clean,3,38.44881057739258
000000516318.jpg,YOLOv10m,clean,1,35.14385223388672
000000352760.jpg,YOLOv10m,clean,1,53.02786827087402
000000475484.jpg,YOLOv10m,clean,4,36.19790077209473
000000532530.jpg,YOLOv10m,clean,3,42.94919967651367
000000025057.jpg,YOLOv10m,clean,2,35.31241416931152
000000262487.jpg,YOLOv10m,clean,4,38.59257698059082
000000114884.jpg,YOLOv10m,clean,11,37.85395622253418
000000106912.jpg,YOLOv10m,clean,1,40.82441329956055
000000016451.jpg,YOLOv10m,clean,1,46.843528747558594
000000459195.jpg,YOLOv10m,clean,3,37.465572357177734
000000278749.jpg,YOLOv10m,clean,8,35.75301170349121
000000033104.jpg,YOLOv10m,clean,4,55.17840385437012
000000065798.jpg,YOLOv10m,clean,5,37.544965744018555
000000229659.jpg,YOLOv10m,clean,5,35.76779365539551
000000369037.jpg,YOLOv10m,clean,1,35.344839096069336
000000541123.jpg,YOLOv10m,clean,8,37.9946231842041
000000451084.jpg,YOLOv10m,clean,1,34.935951232910156
000000467315.jpg,YOLOv10m,clean,2,37.24932670593262
000000008690.jpg,YOLOv10m,clean,4,44.83437538146973
000000180751.jpg,YOLOv10m,clean,2,31.525135040283203
000000033221.jpg,YOLOv10m,clean,11,35.67194938659668
000000188592.jpg,YOLOv10m,clean,1,39.30330276489258
000000492110.jpg,YOLOv10m,clean,3,35.78639030456543
000000311394.jpg,YOLOv10m,clean,1,36.12041473388672
000000442746.jpg,YOLOv10m,clean,1,37.747859954833984
000000229601.jpg,YOLOv10m,clean,9,35.73250770568848
000000295478.jpg,YOLOv10m,clean,1,37.47272491455078
000000188465.jpg,YOLOv10m,clean,7,36.873817443847656
000000376900.jpg,YOLOv10m,clean,8,37.18137741088867
000000541055.jpg,YOLOv10m,clean,5,34.53683853149414
000000500270.jpg,YOLOv10m,clean,4,37.215232849121094
000000188439.jpg,YOLOv10m,clean,3,57.477712631225586
000000057672.jpg,YOLOv10m,clean,10,37.66655921936035
000000459153.jpg,YOLOv10m,clean,1,45.4707145690918
000000032817.jpg,YOLOv10m,clean,2,39.33858871459961
000000458992.jpg,YOLOv10m,clean,2,35.547733306884766
000000532855.jpg,YOLOv10m,clean,1,36.17429733276367
000000467511.jpg,YOLOv10m,clean,2,35.558462142944336
000000549055.jpg,YOLOv10m,clean,1,50.78005790710449
000000393226.jpg,YOLOv10m,clean,1,36.679744720458984
000000311392.jpg,YOLOv10m,clean,2,35.70246696472168
000000270883.jpg,YOLOv10m,clean,1,35.26115417480469
000000278973.jpg,YOLOv10m,clean,1,36.559343338012695
000000368961.jpg,YOLOv10m,clean,2,35.8424186706543
000000500257.jpg,YOLOv10m,clean,4,37.11056709289551
000000295138.jpg,YOLOv10m,clean,2,34.931182861328125
000000082085.jpg,YOLOv10m,clean,4,36.14950180053711
000000180487.jpg,YOLOv10m,clean,2,41.74661636352539
000000532493.jpg,YOLOv10m,clean,1,52.3073673248291
000000229948.jpg,YOLOv10m,clean,8,44.24595832824707
000000303566.jpg,YOLOv10m,clean,16,36.995649337768555
000000319607.jpg,YOLOv10m,clean,3,38.94948959350586
000000090284.jpg,YOLOv10m,clean,1,37.28127479553223
000000434204.jpg,YOLOv10m,clean,4,36.258697509765625
000000516677.jpg,YOLOv10m,clean,8,37.40334510803223
000000106757.jpg,YOLOv10m,clean,1,38.04779052734375
000000352684.jpg,YOLOv10m,clean,8,34.87968444824219
000000327701.jpg,YOLOv10m,clean,4,36.139726638793945
000000352582.jpg,YOLOv10m,clean,2,36.03959083557129
000000377239.jpg,YOLOv10m,clean,4,38.79117965698242
000000475572.jpg,YOLOv10m,clean,2,37.615060806274414
000000475387.jpg,YOLOv10m,clean,11,36.608219146728516
000000147725.jpg,YOLOv10m,clean,2,36.42630577087402
000000262631.jpg,YOLOv10m,clean,0,36.19885444641113
000000401862.jpg,YOLOv10m,clean,8,37.65535354614258
000000074092.jpg,YOLOv10m,clean,7,37.80555725097656
000000172617.jpg,YOLOv10m,clean,1,37.213802337646484
000000016598.jpg,YOLOv10m,clean,1,35.39681434631348
000000074256.jpg,YOLOv10m,clean,6,36.582231521606445
000000434459.jpg,YOLOv10m,clean,7,36.50546073913574
000000213547.jpg,YOLOv10m,clean,2,34.272193908691406
000000303499.jpg,YOLOv10m,clean,2,35.20059585571289
000000008532.jpg,YOLOv10m,clean,1,33.924102783203125
000000352491.jpg,YOLOv10m,clean,1,34.600257873535156
000000451155.jpg,YOLOv10m,clean,1,30.962705612182617
000000180560.jpg,YOLOv10m,clean,3,33.46991539001465
000000115245.jpg,YOLOv10m,clean,1,38.72799873352051
000000426203.jpg,YOLOv10m,clean,2,41.25666618347168
000000532481.jpg,YOLOv10m,clean,1,43.20216178894043
000000074200.jpg,YOLOv10m,clean,2,31.989574432373047
000000278848.jpg,YOLOv10m,clean,4,34.56902503967285
000000287291.jpg,YOLOv10m,clean,4,38.80763053894043
000000328238.jpg,YOLOv10m,clean,8,35.69436073303223
000000336232.jpg,YOLOv10m,clean,3,35.50839424133301
000000336053.jpg,YOLOv10m,clean,9,36.70239448547363
000000377113.jpg,YOLOv10m,clean,8,35.90846061706543
000000344268.jpg,YOLOv10m,clean,1,35.219430923461914
000000131444.jpg,YOLOv10m,clean,1,39.31117057800293
000000492077.jpg,YOLOv10m,clean,6,36.531686782836914
000000336209.jpg,YOLOv10m,clean,1,33.74195098876953
000000508101.jpg,YOLOv10m,clean,2,34.16109085083008
000000032887.jpg,YOLOv10m,clean,2,34.873247146606445
000000131556.jpg,YOLOv10m,clean,3,33.78891944885254
000000385190.jpg,YOLOv10m,clean,4,36.124229431152344
000000057597.jpg,YOLOv10m,clean,6,35.39085388183594
000000074058.jpg,YOLOv10m,clean,2,33.05864334106445
000000417911.jpg,YOLOv10m,clean,1,34.793853759765625
000000524850.jpg,YOLOv10m,clean,11,36.21315956115723
000000213171.jpg,YOLOv10m,clean,1,37.51254081726074
000000131138.jpg,YOLOv10m,clean,0,36.24248504638672
000000540932.jpg,YOLOv10m,clean,7,35.764455795288086
000000057760.jpg,YOLOv10m,clean,12,35.00056266784668
000000426268.jpg,YOLOv10m,clean,1,37.76049613952637
000000467176.jpg,YOLOv10m,clean,6,32.80210494995117
000000081988.jpg,YOLOv10m,clean,5,33.58769416809082
000000032901.jpg,YOLOv10m,clean,6,54.055213928222656
000000532690.jpg,YOLOv10m,clean,4,37.10532188415527
000000442836.jpg,YOLOv10m,clean,3,47.414302825927734
000000368752.jpg,YOLOv10m,clean,4,45.78280448913574
000000524456.jpg,YOLOv10m,clean,1,33.190250396728516
000000147729.jpg,YOLOv10m,clean,7,35.941362380981445
000000254368.jpg,YOLOv10m,clean,1,33.69545936584473
000000213086.jpg,YOLOv10m,clean,1,35.6595516204834
000000229553.jpg,YOLOv10m,clean,1,37.50348091125488
000000098853.jpg,YOLOv10m,clean,10,39.08085823059082
000000336356.jpg,YOLOv10m,clean,5,34.91783142089844
000000442480.jpg,YOLOv10m,clean,1,36.64660453796387
000000451144.jpg,YOLOv10m,clean,2,38.50698471069336
000000180383.jpg,YOLOv10m,clean,1,34.34920310974121
000000098392.jpg,YOLOv10m,clean,4,35.35962104797363
000000507975.jpg,YOLOv10m,clean,8,39.189815521240234
000000172571.jpg,YOLOv10m,clean,2,35.943031311035156
000000156076.jpg,YOLOv10m,clean,4,38.213253021240234
000000458755.jpg,YOLOv10m,clean,3,34.125328063964844
000000213033.jpg,YOLOv10m,clean,1,33.678293228149414
000000549220.jpg,YOLOv10m,clean,4,34.479379653930664
000000098716.jpg,YOLOv10m,clean,3,33.80775451660156
000000565778.jpg,YOLOv10m,clean,4,37.43147850036621
000000565563.jpg,YOLOv10m,clean,0,36.66281700134277
000000221291.jpg,YOLOv10m,clean,1,37.06073760986328
000000000139.jpg,YOLOv10m,clean,2,36.319732666015625
000000229849.jpg,YOLOv10m,clean,9,37.86039352416992
000000254516.jpg,YOLOv10m,clean,8,35.68077087402344
000000123213.jpg,YOLOv10m,clean,12,35.01772880554199
000000393569.jpg,YOLOv10m,clean,1,35.69173812866211
000000008211.jpg,YOLOv10m,clean,2,35.56632995605469
000000442456.jpg,YOLOv10m,clean,2,34.93523597717285
000000303305.jpg,YOLOv10m,clean,1,42.88744926452637
000000466986.jpg,YOLOv10m,clean,2,39.83640670776367
000000377368.jpg,YOLOv10m,clean,1,33.89573097229004
000000491867.jpg,YOLOv10m,clean,3,36.55123710632324
000000122962.jpg,YOLOv10m,clean,14,38.588762283325195
000000205333.jpg,YOLOv10m,clean,2,51.40805244445801
000000418062.jpg,YOLOv10m,clean,3,35.42447090148926
000000319721.jpg,YOLOv10m,clean,3,37.29057312011719
000000032861.jpg,YOLOv10m,clean,1,36.841392517089844
000000254016.jpg,YOLOv10m,clean,1,36.79156303405762
000000213255.jpg,YOLOv10m,clean,1,35.27569770812988
000000426241.jpg,YOLOv10m,clean,1,37.0943546295166
000000278705.jpg,YOLOv10m,clean,2,35.479068756103516
000000205289.jpg,YOLOv10m,clean,1,35.35771369934082
000000442463.jpg,YOLOv10m,clean,2,36.80133819580078
000000451043.jpg,YOLOv10m,clean,1,36.95178031921387
000000549390.jpg,YOLOv10m,clean,4,35.848140716552734
000000107094.jpg,YOLOv10m,clean,1,34.751176834106445
000000393469.jpg,YOLOv10m,clean,2,37.011146545410156
000000311303.jpg,YOLOv10m,clean,1,37.96696662902832
000000270908.jpg,YOLOv10m,clean,1,35.146236419677734
000000434230.jpg,YOLOv10m,clean,3,36.38887405395508
000000516143.jpg,YOLOv10m,clean,1,37.93954849243164
000000401446.jpg,YOLOv10m,clean,1,36.31329536437988
000000213035.jpg,YOLOv10m,clean,3,34.12675857543945
000000319534.jpg,YOLOv10m,clean,5,36.6673469543457
000000385029.jpg,YOLOv10m,clean,1,35.22825241088867
000000073946.jpg,YOLOv8m,low_light,0,49.44610595703125
000000434247.jpg,YOLOv8m,low_light,0,44.41118240356445
000000336265.jpg,YOLOv8m,low_light,1,41.36919975280762
000000049259.jpg,YOLOv8m,low_light,0,45.48978805541992
000000434548.jpg,YOLOv8m,low_light,1,37.34469413757324
000000205324.jpg,YOLOv8m,low_light,0,39.00861740112305
000000360960.jpg,YOLOv8m,low_light,4,36.32497787475586
000000483667.jpg,YOLOv8m,low_light,1,34.97123718261719
000000114907.jpg,YOLOv8m,low_light,0,31.91828727722168
000000450686.jpg,YOLOv8m,low_light,1,28.23495864868164
000000508370.jpg,YOLOv8m,low_light,0,30.97844123840332
000000516601.jpg,YOLOv8m,low_light,4,27.511119842529297
000000032941.jpg,YOLOv8m,low_light,0,31.0971736907959
000000156071.jpg,YOLOv8m,low_light,9,30.8074951171875
000000295420.jpg,YOLOv8m,low_light,0,31.328678131103516
000000033005.jpg,YOLOv8m,low_light,0,30.74169158935547
000000147740.jpg,YOLOv8m,low_light,0,32.331228256225586
000000516173.jpg,YOLOv8m,low_light,1,28.4121036529541
000000221754.jpg,YOLOv8m,low_light,0,29.819011688232422
000000360661.jpg,YOLOv8m,low_light,0,31.075477600097656
000000065736.jpg,YOLOv8m,low_light,0,29.985427856445312
000000205105.jpg,YOLOv8m,low_light,0,29.032468795776367
000000426376.jpg,YOLOv8m,low_light,0,31.32033348083496
000000025096.jpg,YOLOv8m,low_light,2,30.78603744506836
000000204871.jpg,YOLOv8m,low_light,1,32.31096267700195
000000270677.jpg,YOLOv8m,low_light,0,33.44893455505371
000000475191.jpg,YOLOv8m,low_light,1,27.927398681640625
000000377393.jpg,YOLOv8m,low_light,0,29.616594314575195
000000303653.jpg,YOLOv8m,low_light,0,30.69448471069336
000000459272.jpg,YOLOv8m,low_light,3,27.861356735229492
000000238013.jpg,YOLOv8m,low_light,1,28.386831283569336
000000270474.jpg,YOLOv8m,low_light,1,29.168367385864258
000000508312.jpg,YOLOv8m,low_light,0,30.874967575073242
000000295316.jpg,YOLOv8m,low_light,2,34.887075424194336
000000262587.jpg,YOLOv8m,low_light,1,27.94051170349121
000000066038.jpg,YOLOv8m,low_light,1,27.72998809814453
000000516318.jpg,YOLOv8m,low_light,0,33.14518928527832
000000352760.jpg,YOLOv8m,low_light,1,36.41247749328613
000000475484.jpg,YOLOv8m,low_light,0,36.93532943725586
000000532530.jpg,YOLOv8m,low_light,0,37.76288032531738
000000025057.jpg,YOLOv8m,low_light,0,28.1829833984375
000000262487.jpg,YOLOv8m,low_light,0,30.45177459716797
000000114884.jpg,YOLOv8m,low_light,12,29.560327529907227
000000106912.jpg,YOLOv8m,low_light,0,36.50617599487305
000000016451.jpg,YOLOv8m,low_light,0,28.132915496826172
000000459195.jpg,YOLOv8m,low_light,0,30.566692352294922
000000278749.jpg,YOLOv8m,low_light,0,30.892133712768555
000000033104.jpg,YOLOv8m,low_light,0,31.615734100341797
000000065798.jpg,YOLOv8m,low_light,8,28.589963912963867
000000229659.jpg,YOLOv8m,low_light,0,30.570268630981445
000000369037.jpg,YOLOv8m,low_light,0,29.223203659057617
000000541123.jpg,YOLOv8m,low_light,6,28.014659881591797
000000451084.jpg,YOLOv8m,low_light,1,27.09341049194336
000000467315.jpg,YOLOv8m,low_light,0,25.466442108154297
000000008690.jpg,YOLOv8m,low_light,3,28.94139289855957
000000180751.jpg,YOLOv8m,low_light,1,25.925874710083008
000000033221.jpg,YOLOv8m,low_light,6,31.359434127807617
000000188592.jpg,YOLOv8m,low_light,0,30.24005889892578
000000492110.jpg,YOLOv8m,low_light,0,31.441926956176758
000000311394.jpg,YOLOv8m,low_light,1,26.75604820251465
000000442746.jpg,YOLOv8m,low_light,0,33.629417419433594
000000229601.jpg,YOLOv8m,low_light,0,30.5178165435791
000000295478.jpg,YOLOv8m,low_light,1,27.490854263305664
000000188465.jpg,YOLOv8m,low_light,3,27.47344970703125
000000376900.jpg,YOLOv8m,low_light,0,30.443668365478516
000000541055.jpg,YOLOv8m,low_light,0,30.02619743347168
000000500270.jpg,YOLOv8m,low_light,2,33.72979164123535
000000188439.jpg,YOLOv8m,low_light,0,27.330875396728516
000000057672.jpg,YOLOv8m,low_light,0,31.403541564941406
000000459153.jpg,YOLOv8m,low_light,0,29.62946891784668
000000032817.jpg,YOLOv8m,low_light,0,30.070781707763672
000000458992.jpg,YOLOv8m,low_light,1,27.49490737915039
000000532855.jpg,YOLOv8m,low_light,0,30.619382858276367
000000467511.jpg,YOLOv8m,low_light,1,30.17592430114746
000000549055.jpg,YOLOv8m,low_light,1,25.869369506835938
000000393226.jpg,YOLOv8m,low_light,0,36.86714172363281
000000311392.jpg,YOLOv8m,low_light,0,35.494089126586914
000000270883.jpg,YOLOv8m,low_light,0,26.941299438476562
000000278973.jpg,YOLOv8m,low_light,1,28.78284454345703
000000368961.jpg,YOLOv8m,low_light,0,27.365684509277344
000000500257.jpg,YOLOv8m,low_light,4,30.704975128173828
000000295138.jpg,YOLOv8m,low_light,0,30.28082847595215
000000082085.jpg,YOLOv8m,low_light,1,26.76868438720703
000000180487.jpg,YOLOv8m,low_light,0,30.59077262878418
000000532493.jpg,YOLOv8m,low_light,1,28.70941162109375
000000229948.jpg,YOLOv8m,low_light,0,30.722618103027344
000000303566.jpg,YOLOv8m,low_light,0,29.217004776000977
000000319607.jpg,YOLOv8m,low_light,0,27.570009231567383
000000090284.jpg,YOLOv8m,low_light,1,30.161380767822266
000000434204.jpg,YOLOv8m,low_light,0,32.367706298828125
000000516677.jpg,YOLOv8m,low_light,0,31.1126708984375
000000106757.jpg,YOLOv8m,low_light,0,30.340194702148438
000000352684.jpg,YOLOv8m,low_light,7,26.499271392822266
000000327701.jpg,YOLOv8m,low_light,2,26.991844177246094
000000352582.jpg,YOLOv8m,low_light,0,31.232357025146484
000000377239.jpg,YOLOv8m,low_light,3,29.210567474365234
000000475572.jpg,YOLOv8m,low_light,0,28.89251708984375
000000475387.jpg,YOLOv8m,low_light,0,29.302597045898438
000000147725.jpg,YOLOv8m,low_light,0,29.442310333251953
000000262631.jpg,YOLOv8m,low_light,0,36.87548637390137
000000073946.jpg,YOLOv9m,low_light,0,43.218135833740234
000000434247.jpg,YOLOv9m,low_light,0,42.70362854003906
000000336265.jpg,YOLOv9m,low_light,1,40.57765007019043
000000049259.jpg,YOLOv9m,low_light,0,42.78969764709473
000000434548.jpg,YOLOv9m,low_light,1,45.697689056396484
000000205324.jpg,YOLOv9m,low_light,0,42.112112045288086
000000360960.jpg,YOLOv9m,low_light,5,40.131330490112305
000000483667.jpg,YOLOv9m,low_light,1,38.046836853027344
000000114907.jpg,YOLOv9m,low_light,0,47.30033874511719
000000450686.jpg,YOLOv9m,low_light,1,47.45841026306152
000000508370.jpg,YOLOv9m,low_light,0,41.03970527648926
000000516601.jpg,YOLOv9m,low_light,4,41.43118858337402
000000032941.jpg,YOLOv9m,low_light,0,43.72000694274902
000000156071.jpg,YOLOv9m,low_light,12,41.33725166320801
000000295420.jpg,YOLOv9m,low_light,0,42.077064514160156
000000033005.jpg,YOLOv9m,low_light,0,42.498111724853516
000000147740.jpg,YOLOv9m,low_light,0,43.12419891357422
000000516173.jpg,YOLOv9m,low_light,2,40.162086486816406
000000221754.jpg,YOLOv9m,low_light,0,41.23544692993164
000000360661.jpg,YOLOv9m,low_light,0,44.54922676086426
000000065736.jpg,YOLOv9m,low_light,0,43.67566108703613
000000205105.jpg,YOLOv9m,low_light,0,41.9313907623291
000000426376.jpg,YOLOv9m,low_light,0,47.21832275390625
000000025096.jpg,YOLOv9m,low_light,2,41.480302810668945
000000204871.jpg,YOLOv9m,low_light,0,45.282840728759766
000000270677.jpg,YOLOv9m,low_light,0,44.89636421203613
000000475191.jpg,YOLOv9m,low_light,1,40.81535339355469
000000377393.jpg,YOLOv9m,low_light,0,43.292999267578125
000000303653.jpg,YOLOv9m,low_light,0,42.777061462402344
000000459272.jpg,YOLOv9m,low_light,3,39.64352607727051
000000238013.jpg,YOLOv9m,low_light,1,44.30437088012695
000000270474.jpg,YOLOv9m,low_light,1,37.21308708190918
000000508312.jpg,YOLOv9m,low_light,0,42.128562927246094
000000295316.jpg,YOLOv9m,low_light,2,39.742231369018555
000000262587.jpg,YOLOv9m,low_light,1,48.770904541015625
000000066038.jpg,YOLOv9m,low_light,0,47.41930961608887
000000516318.jpg,YOLOv9m,low_light,0,39.28375244140625
000000352760.jpg,YOLOv9m,low_light,1,46.27203941345215
000000475484.jpg,YOLOv9m,low_light,0,37.9641056060791
000000532530.jpg,YOLOv9m,low_light,0,38.622140884399414
000000025057.jpg,YOLOv9m,low_light,0,45.485734939575195
000000262487.jpg,YOLOv9m,low_light,0,48.15053939819336
000000114884.jpg,YOLOv9m,low_light,12,40.871381759643555
000000106912.jpg,YOLOv9m,low_light,0,55.69028854370117
000000016451.jpg,YOLOv9m,low_light,0,42.4039363861084
000000459195.jpg,YOLOv9m,low_light,0,47.09482192993164
000000278749.jpg,YOLOv9m,low_light,0,44.81029510498047
000000033104.jpg,YOLOv9m,low_light,0,45.5782413482666
000000065798.jpg,YOLOv9m,low_light,7,40.143728256225586
000000229659.jpg,YOLOv9m,low_light,0,41.094303131103516
000000369037.jpg,YOLOv9m,low_light,0,42.643070220947266
000000541123.jpg,YOLOv9m,low_light,5,40.30346870422363
000000451084.jpg,YOLOv9m,low_light,1,39.83259201049805
000000467315.jpg,YOLOv9m,low_light,0,38.872718811035156
000000008690.jpg,YOLOv9m,low_light,3,41.188955307006836
000000180751.jpg,YOLOv9m,low_light,1,39.50023651123047
000000033221.jpg,YOLOv9m,low_light,6,41.921377182006836
000000188592.jpg,YOLOv9m,low_light,0,43.95031929016113
000000492110.jpg,YOLOv9m,low_light,0,42.696237564086914
000000311394.jpg,YOLOv9m,low_light,1,42.1907901763916
000000442746.jpg,YOLOv9m,low_light,0,53.83157730102539
000000229601.jpg,YOLOv9m,low_light,0,47.26719856262207
000000295478.jpg,YOLOv9m,low_light,1,40.11821746826172
000000188465.jpg,YOLOv9m,low_light,3,41.41092300415039
000000376900.jpg,YOLOv9m,low_light,0,43.61319541931152
000000541055.jpg,YOLOv9m,low_light,0,41.88179969787598
000000500270.jpg,YOLOv9m,low_light,2,41.4888858795166
000000188439.jpg,YOLOv9m,low_light,0,39.41702842712402
000000057672.jpg,YOLOv9m,low_light,0,43.99991035461426
000000459153.jpg,YOLOv9m,low_light,0,47.80244827270508
000000032817.jpg,YOLOv9m,low_light,0,43.39146614074707
000000458992.jpg,YOLOv9m,low_light,1,38.7115478515625
000000532855.jpg,YOLOv9m,low_light,0,43.077707290649414
000000467511.jpg,YOLOv9m,low_light,1,40.12131690979004
000000549055.jpg,YOLOv9m,low_light,1,40.345191955566406
000000393226.jpg,YOLOv9m,low_light,0,43.051719665527344
000000311392.jpg,YOLOv9m,low_light,0,37.74666786193848
000000270883.jpg,YOLOv9m,low_light,0,41.37682914733887
000000278973.jpg,YOLOv9m,low_light,1,40.975093841552734
000000368961.jpg,YOLOv9m,low_light,0,39.78776931762695
000000500257.jpg,YOLOv9m,low_light,5,41.50128364562988
000000295138.jpg,YOLOv9m,low_light,0,41.49603843688965
000000082085.jpg,YOLOv9m,low_light,1,38.168907165527344
000000180487.jpg,YOLOv9m,low_light,0,42.39153861999512
000000532493.jpg,YOLOv9m,low_light,1,40.018558502197266
000000229948.jpg,YOLOv9m,low_light,0,42.9689884185791
000000303566.jpg,YOLOv9m,low_light,0,46.550750732421875
000000319607.jpg,YOLOv9m,low_light,0,46.543121337890625
000000090284.jpg,YOLOv9m,low_light,1,51.49197578430176
000000434204.jpg,YOLOv9m,low_light,0,37.18829154968262
000000516677.jpg,YOLOv9m,low_light,0,39.110660552978516
000000106757.jpg,YOLOv9m,low_light,0,42.69719123840332
000000352684.jpg,YOLOv9m,low_light,7,39.32380676269531
000000327701.jpg,YOLOv9m,low_light,3,42.380332946777344
000000352582.jpg,YOLOv9m,low_light,0,42.46973991394043
000000377239.jpg,YOLOv9m,low_light,3,39.56961631774902
000000475572.jpg,YOLOv9m,low_light,0,40.31634330749512
000000475387.jpg,YOLOv9m,low_light,0,40.5580997467041
000000147725.jpg,YOLOv9m,low_light,0,42.18482971191406
000000262631.jpg,YOLOv9m,low_light,0,43.69664192199707
000000073946.jpg,YOLOv10m,low_light,0,37.04380989074707
000000434247.jpg,YOLOv10m,low_light,0,37.53948211669922
000000336265.jpg,YOLOv10m,low_light,1,34.32869911193848
000000049259.jpg,YOLOv10m,low_light,0,36.37504577636719
000000434548.jpg,YOLOv10m,low_light,1,32.64498710632324
000000205324.jpg,YOLOv10m,low_light,0,41.56684875488281
000000360960.jpg,YOLOv10m,low_light,4,32.67264366149902
000000483667.jpg,YOLOv10m,low_light,1,30.7924747467041
000000114907.jpg,YOLOv10m,low_light,0,38.11836242675781
000000450686.jpg,YOLOv10m,low_light,1,33.380746841430664
000000508370.jpg,YOLOv10m,low_light,0,36.92889213562012
000000516601.jpg,YOLOv10m,low_light,4,31.732797622680664
000000032941.jpg,YOLOv10m,low_light,0,37.18876838684082
000000156071.jpg,YOLOv10m,low_light,8,39.34288024902344
000000295420.jpg,YOLOv10m,low_light,0,40.53378105163574
000000033005.jpg,YOLOv10m,low_light,0,38.16485404968262
000000147740.jpg,YOLOv10m,low_light,0,33.69855880737305
000000516173.jpg,YOLOv10m,low_light,1,33.370256423950195
000000221754.jpg,YOLOv10m,low_light,0,35.454750061035156
000000360661.jpg,YOLOv10m,low_light,0,37.351131439208984
000000065736.jpg,YOLOv10m,low_light,0,35.507917404174805
000000205105.jpg,YOLOv10m,low_light,0,34.8515510559082
000000426376.jpg,YOLOv10m,low_light,0,36.52763366699219
000000025096.jpg,YOLOv10m,low_light,2,32.250165939331055
000000204871.jpg,YOLOv10m,low_light,0,36.53144836425781
000000270677.jpg,YOLOv10m,low_light,0,39.53099250793457
000000475191.jpg,YOLOv10m,low_light,1,34.319400787353516
000000377393.jpg,YOLOv10m,low_light,0,37.87422180175781
000000303653.jpg,YOLOv10m,low_light,0,39.522409439086914
000000459272.jpg,YOLOv10m,low_light,4,34.364938735961914
000000238013.jpg,YOLOv10m,low_light,1,33.203840255737305
000000270474.jpg,YOLOv10m,low_light,1,36.63039207458496
000000508312.jpg,YOLOv10m,low_light,0,35.13145446777344
000000295316.jpg,YOLOv10m,low_light,2,33.72979164123535
000000262587.jpg,YOLOv10m,low_light,1,34.31987762451172
000000066038.jpg,YOLOv10m,low_light,0,33.417701721191406
000000516318.jpg,YOLOv10m,low_light,0,39.92795944213867
000000352760.jpg,YOLOv10m,low_light,0,40.256500244140625
000000475484.jpg,YOLOv10m,low_light,0,34.00230407714844
000000532530.jpg,YOLOv10m,low_light,0,32.758474349975586
000000025057.jpg,YOLOv10m,low_light,0,38.07830810546875
000000262487.jpg,YOLOv10m,low_light,0,37.405967712402344
000000114884.jpg,YOLOv10m,low_light,10,34.528493881225586
000000106912.jpg,YOLOv10m,low_light,0,42.06562042236328
000000016451.jpg,YOLOv10m,low_light,0,35.294532775878906
000000459195.jpg,YOLOv10m,low_light,0,48.6142635345459
000000278749.jpg,YOLOv10m,low_light,0,40.61603546142578
000000033104.jpg,YOLOv10m,low_light,0,40.99559783935547
000000065798.jpg,YOLOv10m,low_light,8,34.6066951751709
000000229659.jpg,YOLOv10m,low_light,0,36.93890571594238
000000369037.jpg,YOLOv10m,low_light,0,36.50665283203125
000000541123.jpg,YOLOv10m,low_light,5,33.38193893432617
000000451084.jpg,YOLOv10m,low_light,1,34.17015075683594
000000467315.jpg,YOLOv10m,low_light,1,33.03194046020508
000000008690.jpg,YOLOv10m,low_light,3,34.284114837646484
000000180751.jpg,YOLOv10m,low_light,0,31.119585037231445
000000033221.jpg,YOLOv10m,low_light,6,34.00373458862305
000000188592.jpg,YOLOv10m,low_light,0,37.45245933532715
000000492110.jpg,YOLOv10m,low_light,0,36.4232063293457
000000311394.jpg,YOLOv10m,low_light,1,32.04917907714844
000000442746.jpg,YOLOv10m,low_light,0,36.50522232055664
000000229601.jpg,YOLOv10m,low_light,0,37.18733787536621
000000295478.jpg,YOLOv10m,low_light,1,32.60493278503418
000000188465.jpg,YOLOv10m,low_light,3,33.04743766784668
000000376900.jpg,YOLOv10m,low_light,0,39.0775203704834
000000541055.jpg,YOLOv10m,low_light,0,35.840749740600586
000000500270.jpg,YOLOv10m,low_light,1,47.41692543029785
000000188439.jpg,YOLOv10m,low_light,0,39.64686393737793
000000057672.jpg,YOLOv10m,low_light,0,37.08148002624512
000000459153.jpg,YOLOv10m,low_light,0,35.76231002807617
000000032817.jpg,YOLOv10m,low_light,0,36.32760047912598
000000458992.jpg,YOLOv10m,low_light,1,35.74657440185547
000000532855.jpg,YOLOv10m,low_light,0,46.76938056945801
000000467511.jpg,YOLOv10m,low_light,0,32.68146514892578
000000549055.jpg,YOLOv10m,low_light,1,34.37995910644531
000000393226.jpg,YOLOv10m,low_light,0,44.24262046813965
000000311392.jpg,YOLOv10m,low_light,0,33.42628479003906
000000270883.jpg,YOLOv10m,low_light,0,32.84811973571777
000000278973.jpg,YOLOv10m,low_light,1,32.393455505371094
000000368961.jpg,YOLOv10m,low_light,0,31.520605087280273
000000500257.jpg,YOLOv10m,low_light,3,33.55264663696289
000000295138.jpg,YOLOv10m,low_light,0,35.85648536682129
000000082085.jpg,YOLOv10m,low_light,1,30.153751373291016
000000180487.jpg,YOLOv10m,low_light,0,34.96074676513672
000000532493.jpg,YOLOv10m,low_light,1,33.28967094421387
000000229948.jpg,YOLOv10m,low_light,0,36.07821464538574
000000303566.jpg,YOLOv10m,low_light,0,35.00628471374512
000000319607.jpg,YOLOv10m,low_light,0,33.19430351257324
000000090284.jpg,YOLOv10m,low_light,1,33.08248519897461
000000434204.jpg,YOLOv10m,low_light,0,35.12430191040039
000000516677.jpg,YOLOv10m,low_light,0,36.88478469848633
000000106757.jpg,YOLOv10m,low_light,0,36.02862358093262
000000352684.jpg,YOLOv10m,low_light,6,32.96232223510742
000000327701.jpg,YOLOv10m,low_light,3,32.03868865966797
000000352582.jpg,YOLOv10m,low_light,0,36.45205497741699
000000377239.jpg,YOLOv10m,low_light,4,35.29071807861328
000000475572.jpg,YOLOv10m,low_light,0,36.20648384094238
000000475387.jpg,YOLOv10m,low_light,0,35.53628921508789
000000147725.jpg,YOLOv10m,low_light,0,35.285234451293945
000000262631.jpg,YOLOv10m,low_light,0,37.45865821838379
000000073946.jpg,YOLOv8m,rain,2,29.68120574951172
000000434247.jpg,YOLOv8m,rain,2,30.70354461669922
000000336265.jpg,YOLOv8m,rain,1,30.138015747070312
000000049259.jpg,YOLOv8m,rain,1,32.58037567138672
000000434548.jpg,YOLOv8m,rain,1,35.471439361572266
000000205324.jpg,YOLOv8m,rain,1,29.262542724609375
000000360960.jpg,YOLOv8m,rain,7,32.96804428100586
000000483667.jpg,YOLOv8m,rain,1,27.582406997680664
000000114907.jpg,YOLOv8m,rain,19,40.14086723327637
000000450686.jpg,YOLOv8m,rain,1,29.351234436035156
000000508370.jpg,YOLOv8m,rain,3,27.083158493041992
000000516601.jpg,YOLOv8m,rain,9,29.18720245361328
000000032941.jpg,YOLOv8m,rain,4,29.529094696044922
000000156071.jpg,YOLOv8m,rain,12,30.905723571777344
000000295420.jpg,YOLOv8m,rain,1,28.84221076965332
000000033005.jpg,YOLOv8m,rain,1,28.907299041748047
000000147740.jpg,YOLOv8m,rain,6,29.863595962524414
000000516173.jpg,YOLOv8m,rain,1,28.666019439697266
000000221754.jpg,YOLOv8m,rain,9,28.90944480895996
000000360661.jpg,YOLOv8m,rain,4,29.623746871948242
000000065736.jpg,YOLOv8m,rain,1,29.381513595581055
000000205105.jpg,YOLOv8m,rain,1,27.46295928955078
000000426376.jpg,YOLOv8m,rain,1,29.33979034423828
000000025096.jpg,YOLOv8m,rain,1,29.07419204711914
000000204871.jpg,YOLOv8m,rain,1,35.60233116149902
000000270677.jpg,YOLOv8m,rain,1,32.51457214355469
000000475191.jpg,YOLOv8m,rain,1,30.355215072631836
000000377393.jpg,YOLOv8m,rain,2,29.473066329956055
000000303653.jpg,YOLOv8m,rain,4,28.963565826416016
000000459272.jpg,YOLOv8m,rain,8,30.571937561035156
000000238013.jpg,YOLOv8m,rain,2,28.460025787353516
000000270474.jpg,YOLOv8m,rain,1,31.663179397583008
000000508312.jpg,YOLOv8m,rain,0,33.042192459106445
000000295316.jpg,YOLOv8m,rain,4,35.18342971801758
000000262587.jpg,YOLOv8m,rain,1,29.787063598632812
000000066038.jpg,YOLOv8m,rain,5,30.333995819091797
000000516318.jpg,YOLOv8m,rain,1,31.17537498474121
000000352760.jpg,YOLOv8m,rain,1,29.27875518798828
000000475484.jpg,YOLOv8m,rain,3,28.331279754638672
000000532530.jpg,YOLOv8m,rain,0,27.960538864135742
000000025057.jpg,YOLOv8m,rain,2,28.488874435424805
000000262487.jpg,YOLOv8m,rain,3,30.5325984954834
000000114884.jpg,YOLOv8m,rain,13,35.52985191345215
000000106912.jpg,YOLOv8m,rain,1,33.971548080444336
000000016451.jpg,YOLOv8m,rain,1,34.8811149597168
000000459195.jpg,YOLOv8m,rain,3,39.26205635070801
000000278749.jpg,YOLOv8m,rain,9,29.36530113220215
000000033104.jpg,YOLOv8m,rain,7,29.707670211791992
000000065798.jpg,YOLOv8m,rain,6,30.660152435302734
000000229659.jpg,YOLOv8m,rain,3,30.385732650756836
000000369037.jpg,YOLOv8m,rain,1,29.71029281616211
000000541123.jpg,YOLOv8m,rain,7,29.766321182250977
000000451084.jpg,YOLOv8m,rain,1,29.33216094970703
000000467315.jpg,YOLOv8m,rain,1,28.544902801513672
000000008690.jpg,YOLOv8m,rain,3,30.27963638305664
000000180751.jpg,YOLOv8m,rain,2,29.196739196777344
000000033221.jpg,YOLOv8m,rain,7,29.58536148071289
000000188592.jpg,YOLOv8m,rain,1,31.587600708007812
000000492110.jpg,YOLOv8m,rain,3,29.414653778076172
000000311394.jpg,YOLOv8m,rain,1,29.853105545043945
000000442746.jpg,YOLOv8m,rain,1,30.857563018798828
000000229601.jpg,YOLOv8m,rain,7,32.364845275878906
000000295478.jpg,YOLOv8m,rain,1,30.521154403686523
000000188465.jpg,YOLOv8m,rain,9,29.776811599731445
000000376900.jpg,YOLOv8m,rain,8,30.482053756713867
000000541055.jpg,YOLOv8m,rain,5,29.33478355407715
000000500270.jpg,YOLOv8m,rain,3,30.159473419189453
000000188439.jpg,YOLOv8m,rain,2,31.872987747192383
000000057672.jpg,YOLOv8m,rain,14,32.09733963012695
000000459153.jpg,YOLOv8m,rain,1,33.73217582702637
000000032817.jpg,YOLOv8m,rain,0,28.969287872314453
000000458992.jpg,YOLOv8m,rain,1,28.940439224243164
000000532855.jpg,YOLOv8m,rain,0,29.204607009887695
000000467511.jpg,YOLOv8m,rain,2,29.470205307006836
000000549055.jpg,YOLOv8m,rain,1,28.398990631103516
000000393226.jpg,YOLOv8m,rain,1,30.87449073791504
000000311392.jpg,YOLOv8m,rain,2,29.45232391357422
000000270883.jpg,YOLOv8m,rain,1,28.841257095336914
000000278973.jpg,YOLOv8m,rain,1,29.77275848388672
000000368961.jpg,YOLOv8m,rain,1,29.955625534057617
000000500257.jpg,YOLOv8m,rain,3,32.737016677856445
000000295138.jpg,YOLOv8m,rain,3,26.33500099182129
000000082085.jpg,YOLOv8m,rain,4,25.425434112548828
000000180487.jpg,YOLOv8m,rain,2,24.730920791625977
000000532493.jpg,YOLOv8m,rain,1,28.087615966796875
000000229948.jpg,YOLOv8m,rain,9,30.228853225708008
000000303566.jpg,YOLOv8m,rain,18,29.288291931152344
000000319607.jpg,YOLOv8m,rain,3,31.723737716674805
000000090284.jpg,YOLOv8m,rain,1,30.0600528717041
000000434204.jpg,YOLOv8m,rain,4,29.573440551757812
000000516677.jpg,YOLOv8m,rain,7,30.45964241027832
000000106757.jpg,YOLOv8m,rain,1,30.767440795898438
000000352684.jpg,YOLOv8m,rain,9,28.183698654174805
000000327701.jpg,YOLOv8m,rain,4,29.9837589263916
000000352582.jpg,YOLOv8m,rain,2,29.146432876586914
000000377239.jpg,YOLOv8m,rain,6,32.57322311401367
000000475572.jpg,YOLOv8m,rain,1,27.794599533081055
000000475387.jpg,YOLOv8m,rain,8,28.450727462768555
000000147725.jpg,YOLOv8m,rain,1,29.18720245361328
000000262631.jpg,YOLOv8m,rain,3,29.847145080566406
000000073946.jpg,YOLOv9m,rain,3,40.593862533569336
000000434247.jpg,YOLOv9m,rain,3,42.406558990478516
000000336265.jpg,YOLOv9m,rain,1,44.68965530395508
000000049259.jpg,YOLOv9m,rain,1,41.7482852935791
000000434548.jpg,YOLOv9m,rain,1,45.84813117980957
000000205324.jpg,YOLOv9m,rain,2,40.784358978271484
000000360960.jpg,YOLOv9m,rain,6,40.83442687988281
000000483667.jpg,YOLOv9m,rain,1,39.75081443786621
000000114907.jpg,YOLOv9m,rain,19,42.170047760009766
000000450686.jpg,YOLOv9m,rain,1,42.20223426818848
000000508370.jpg,YOLOv9m,rain,3,42.021751403808594
000000516601.jpg,YOLOv9m,rain,10,40.53974151611328
000000032941.jpg,YOLOv9m,rain,3,42.08850860595703
000000156071.jpg,YOLOv9m,rain,11,48.9499568939209
000000295420.jpg,YOLOv9m,rain,2,44.972896575927734
000000033005.jpg,YOLOv9m,rain,1,38.118600845336914
000000147740.jpg,YOLOv9m,rain,5,41.60881042480469
000000516173.jpg,YOLOv9m,rain,1,40.06791114807129
000000221754.jpg,YOLOv9m,rain,4,42.412519454956055
000000360661.jpg,YOLOv9m,rain,4,41.56351089477539
000000065736.jpg,YOLOv9m,rain,1,40.6186580657959
000000205105.jpg,YOLOv9m,rain,1,38.941383361816406
000000426376.jpg,YOLOv9m,rain,1,40.49539566040039
000000025096.jpg,YOLOv9m,rain,1,40.44008255004883
000000204871.jpg,YOLOv9m,rain,1,46.08559608459473
000000270677.jpg,YOLOv9m,rain,1,46.596527099609375
000000475191.jpg,YOLOv9m,rain,1,45.46809196472168
000000377393.jpg,YOLOv9m,rain,0,39.62540626525879
000000303653.jpg,YOLOv9m,rain,4,40.99464416503906
000000459272.jpg,YOLOv9m,rain,9,40.863037109375
000000238013.jpg,YOLOv9m,rain,1,41.12505912780762
000000270474.jpg,YOLOv9m,rain,1,41.98598861694336
000000508312.jpg,YOLOv9m,rain,0,40.59767723083496
000000295316.jpg,YOLOv9m,rain,4,42.50812530517578
000000262587.jpg,YOLOv9m,rain,1,40.63153266906738
000000066038.jpg,YOLOv9m,rain,4,41.506290435791016
000000516318.jpg,YOLOv9m,rain,1,40.80986976623535
000000352760.jpg,YOLOv9m,rain,1,43.504953384399414
000000475484.jpg,YOLOv9m,rain,3,41.56851768493652
000000532530.jpg,YOLOv9m,rain,1,41.690826416015625
000000025057.jpg,YOLOv9m,rain,2,37.824392318725586
000000262487.jpg,YOLOv9m,rain,2,40.38405418395996
000000114884.jpg,YOLOv9m,rain,13,43.13206672668457
000000106912.jpg,YOLOv9m,rain,1,47.12414741516113
000000016451.jpg,YOLOv9m,rain,1,48.63142967224121
000000459195.jpg,YOLOv9m,rain,3,43.58696937561035
000000278749.jpg,YOLOv9m,rain,8,42.60134696960449
000000033104.jpg,YOLOv9m,rain,6,45.10831832885742
000000065798.jpg,YOLOv9m,rain,7,43.7159538269043
000000229659.jpg,YOLOv9m,rain,3,47.901153564453125
000000369037.jpg,YOLOv9m,rain,1,41.53156280517578
000000541123.jpg,YOLOv9m,rain,7,41.814565658569336
000000451084.jpg,YOLOv9m,rain,1,41.039228439331055
000000467315.jpg,YOLOv9m,rain,1,41.820526123046875
000000008690.jpg,YOLOv9m,rain,3,42.618751525878906
000000180751.jpg,YOLOv9m,rain,2,42.29736328125
000000033221.jpg,YOLOv9m,rain,8,41.73684120178223
000000188592.jpg,YOLOv9m,rain,1,41.77141189575195
000000492110.jpg,YOLOv9m,rain,3,40.59886932373047
000000311394.jpg,YOLOv9m,rain,1,41.71562194824219
000000442746.jpg,YOLOv9m,rain,1,42.238712310791016
000000229601.jpg,YOLOv9m,rain,7,40.75908660888672
000000295478.jpg,YOLOv9m,rain,1,41.60904884338379
000000188465.jpg,YOLOv9m,rain,8,41.27979278564453
000000376900.jpg,YOLOv9m,rain,9,43.42913627624512
000000541055.jpg,YOLOv9m,rain,5,36.61847114562988
000000500270.jpg,YOLOv9m,rain,3,39.95561599731445
000000188439.jpg,YOLOv9m,rain,2,40.71784019470215
000000057672.jpg,YOLOv9m,rain,18,44.210195541381836
000000459153.jpg,YOLOv9m,rain,1,42.21940040588379
000000032817.jpg,YOLOv9m,rain,0,40.56215286254883
000000458992.jpg,YOLOv9m,rain,1,41.142940521240234
000000532855.jpg,YOLOv9m,rain,0,40.88854789733887
000000467511.jpg,YOLOv9m,rain,2,43.86472702026367
000000549055.jpg,YOLOv9m,rain,1,38.41066360473633
000000393226.jpg,YOLOv9m,rain,1,41.754961013793945
000000311392.jpg,YOLOv9m,rain,2,40.91906547546387
000000270883.jpg,YOLOv9m,rain,1,40.007829666137695
000000278973.jpg,YOLOv9m,rain,1,40.56358337402344
000000368961.jpg,YOLOv9m,rain,0,41.817426681518555
000000500257.jpg,YOLOv9m,rain,3,75.17576217651367
000000295138.jpg,YOLOv9m,rain,3,125.37431716918945
000000082085.jpg,YOLOv9m,rain,4,42.2358512878418
000000180487.jpg,YOLOv9m,rain,2,39.76082801818848
000000532493.jpg,YOLOv9m,rain,1,42.10805892944336
000000229948.jpg,YOLOv9m,rain,8,42.07897186279297
000000303566.jpg,YOLOv9m,rain,18,40.744781494140625
000000319607.jpg,YOLOv9m,rain,7,47.391653060913086
000000090284.jpg,YOLOv9m,rain,1,49.230337142944336
000000434204.jpg,YOLOv9m,rain,3,51.58853530883789
000000516677.jpg,YOLOv9m,rain,9,38.6507511138916
000000106757.jpg,YOLOv9m,rain,1,40.97747802734375
000000352684.jpg,YOLOv9m,rain,10,39.53289985656738
000000327701.jpg,YOLOv9m,rain,3,41.56327247619629
000000352582.jpg,YOLOv9m,rain,2,88.15217018127441
000000377239.jpg,YOLOv9m,rain,4,98.91223907470703
000000475572.jpg,YOLOv9m,rain,1,38.85293006896973
000000475387.jpg,YOLOv9m,rain,8,40.22789001464844
000000147725.jpg,YOLOv9m,rain,1,40.07577896118164
000000262631.jpg,YOLOv9m,rain,2,42.90628433227539
000000073946.jpg,YOLOv10m,rain,3,34.33823585510254
000000434247.jpg,YOLOv10m,rain,3,35.27188301086426
000000336265.jpg,YOLOv10m,rain,1,34.93452072143555
000000049259.jpg,YOLOv10m,rain,1,34.67893600463867
000000434548.jpg,YOLOv10m,rain,1,35.47811508178711
000000205324.jpg,YOLOv10m,rain,2,35.657405853271484
000000360960.jpg,YOLOv10m,rain,5,32.974958419799805
000000483667.jpg,YOLOv10m,rain,1,32.227516174316406
000000114907.jpg,YOLOv10m,rain,5,33.99181365966797
000000450686.jpg,YOLOv10m,rain,1,33.63370895385742
000000508370.jpg,YOLOv10m,rain,3,34.84153747558594
000000516601.jpg,YOLOv10m,rain,8,96.42672538757324
000000032941.jpg,YOLOv10m,rain,3,135.91766357421875
000000156071.jpg,YOLOv10m,rain,11,33.0815315246582
000000295420.jpg,YOLOv10m,rain,1,40.04502296447754
000000033005.jpg,YOLOv10m,rain,1,34.11865234375
000000147740.jpg,YOLOv10m,rain,5,33.25462341308594
000000516173.jpg,YOLOv10m,rain,1,33.0965518951416
000000221754.jpg,YOLOv10m,rain,5,33.48183631896973
000000360661.jpg,YOLOv10m,rain,4,34.142255783081055
000000065736.jpg,YOLOv10m,rain,1,33.423662185668945
000000205105.jpg,YOLOv10m,rain,1,32.80210494995117
000000426376.jpg,YOLOv10m,rain,1,33.65588188171387
000000025096.jpg,YOLOv10m,rain,2,34.32488441467285
000000204871.jpg,YOLOv10m,rain,1,38.66219520568848
000000270677.jpg,YOLOv10m,rain,1,37.57524490356445
000000475191.jpg,YOLOv10m,rain,1,34.920454025268555
000000377393.jpg,YOLOv10m,rain,0,33.136606216430664
000000303653.jpg,YOLOv10m,rain,6,35.184383392333984
000000459272.jpg,YOLOv10m,rain,8,34.11674499511719
000000238013.jpg,YOLOv10m,rain,1,33.68115425109863
000000270474.jpg,YOLOv10m,rain,1,34.77835655212402
000000508312.jpg,YOLOv10m,rain,0,34.12675857543945
000000295316.jpg,YOLOv10m,rain,3,33.872365951538086
000000262587.jpg,YOLOv10m,rain,1,32.64498710632324
000000066038.jpg,YOLOv10m,rain,4,34.2402458190918
000000516318.jpg,YOLOv10m,rain,1,33.02264213562012
000000352760.jpg,YOLOv10m,rain,1,34.1639518737793
000000475484.jpg,YOLOv10m,rain,3,36.034584045410156
000000532530.jpg,YOLOv10m,rain,0,33.67972373962402
000000025057.jpg,YOLOv10m,rain,2,33.312082290649414
000000262487.jpg,YOLOv10m,rain,3,35.26663780212402
000000114884.jpg,YOLOv10m,rain,12,40.136098861694336
000000106912.jpg,YOLOv10m,rain,1,48.1104850769043
000000016451.jpg,YOLOv10m,rain,1,33.843994140625
000000459195.jpg,YOLOv10m,rain,3,35.05086898803711
000000278749.jpg,YOLOv10m,rain,7,34.50942039489746
000000033104.jpg,YOLOv10m,rain,6,36.432504653930664
000000065798.jpg,YOLOv10m,rain,5,34.47246551513672
000000229659.jpg,YOLOv10m,rain,4,32.61709213256836
000000369037.jpg,YOLOv10m,rain,1,33.29920768737793
000000541123.jpg,YOLOv10m,rain,7,33.60271453857422
000000451084.jpg,YOLOv10m,rain,1,33.792734146118164
000000467315.jpg,YOLOv10m,rain,1,33.65755081176758
000000008690.jpg,YOLOv10m,rain,3,34.86299514770508
000000180751.jpg,YOLOv10m,rain,2,33.32853317260742
000000033221.jpg,YOLOv10m,rain,8,33.82682800292969
000000188592.jpg,YOLOv10m,rain,1,34.505367279052734
000000492110.jpg,YOLOv10m,rain,2,33.049583435058594
000000311394.jpg,YOLOv10m,rain,1,33.63943099975586
000000442746.jpg,YOLOv10m,rain,1,34.85584259033203
000000229601.jpg,YOLOv10m,rain,7,34.42978858947754
000000295478.jpg,YOLOv10m,rain,1,34.04974937438965
000000188465.jpg,YOLOv10m,rain,7,34.5613956451416
000000376900.jpg,YOLOv10m,rain,8,36.402225494384766
000000541055.jpg,YOLOv10m,rain,5,33.995866775512695
000000500270.jpg,YOLOv10m,rain,2,34.323692321777344
000000188439.jpg,YOLOv10m,rain,2,36.712646484375
000000057672.jpg,YOLOv10m,rain,16,36.047935485839844
000000459153.jpg,YOLOv10m,rain,1,36.164045333862305
000000032817.jpg,YOLOv10m,rain,0,35.53605079650879
000000458992.jpg,YOLOv10m,rain,1,37.08767890930176
000000532855.jpg,YOLOv10m,rain,0,37.1556282043457
000000467511.jpg,YOLOv10m,rain,2,35.66765785217285
000000549055.jpg,YOLOv10m,rain,2,43.7464714050293
000000393226.jpg,YOLOv10m,rain,1,32.527923583984375
000000311392.jpg,YOLOv10m,rain,2,32.15336799621582
000000270883.jpg,YOLOv10m,rain,1,34.435272216796875
000000278973.jpg,YOLOv10m,rain,1,36.07916831970215
000000368961.jpg,YOLOv10m,rain,0,35.03251075744629
000000500257.jpg,YOLOv10m,rain,3,36.20553016662598
000000295138.jpg,YOLOv10m,rain,3,35.38393974304199
000000082085.jpg,YOLOv10m,rain,3,34.79146957397461
000000180487.jpg,YOLOv10m,rain,2,34.2259407043457
000000532493.jpg,YOLOv10m,rain,1,34.87849235534668
000000229948.jpg,YOLOv10m,rain,9,35.212039947509766
000000303566.jpg,YOLOv10m,rain,15,33.974409103393555
000000319607.jpg,YOLOv10m,rain,2,37.44006156921387
000000090284.jpg,YOLOv10m,rain,1,34.7745418548584
000000434204.jpg,YOLOv10m,rain,3,34.61289405822754
000000516677.jpg,YOLOv10m,rain,9,35.15434265136719
000000106757.jpg,YOLOv10m,rain,1,31.668663024902344
000000352684.jpg,YOLOv10m,rain,7,33.96487236022949
000000327701.jpg,YOLOv10m,rain,3,34.830570220947266
000000352582.jpg,YOLOv10m,rain,2,34.11388397216797
000000377239.jpg,YOLOv10m,rain,3,33.837080001831055
000000475572.jpg,YOLOv10m,rain,1,33.1120491027832
000000475387.jpg,YOLOv10m,rain,8,33.83374214172363
000000147725.jpg,YOLOv10m,rain,0,38.106679916381836
000000262631.jpg,YOLOv10m,rain,2,39.13402557373047
000000073946.jpg,YOLOv8m,fog,3,24.010419845581055
000000434247.jpg,YOLOv8m,fog,3,21.715402603149414
000000336265.jpg,YOLOv8m,fog,1,21.547794342041016
000000049259.jpg,YOLOv8m,fog,1,27.610301971435547
000000434548.jpg,YOLOv8m,fog,1,23.2086181640625
000000205324.jpg,YOLOv8m,fog,1,22.53437042236328
000000360960.jpg,YOLOv8m,fog,4,22.1102237701416
000000483667.jpg,YOLOv8m,fog,0,22.487640380859375
000000114907.jpg,YOLOv8m,fog,9,32.99736976623535
000000450686.jpg,YOLOv8m,fog,1,20.695924758911133
000000508370.jpg,YOLOv8m,fog,3,20.155668258666992
000000516601.jpg,YOLOv8m,fog,7,24.628400802612305
000000032941.jpg,YOLOv8m,fog,1,20.059585571289062
000000156071.jpg,YOLOv8m,fog,11,24.979114532470703
000000295420.jpg,YOLOv8m,fog,0,24.00970458984375
000000033005.jpg,YOLOv8m,fog,2,28.656959533691406
000000147740.jpg,YOLOv8m,fog,6,24.898052215576172
000000516173.jpg,YOLOv8m,fog,1,27.555465698242188
000000221754.jpg,YOLOv8m,fog,1,27.9388427734375
000000360661.jpg,YOLOv8m,fog,5,27.689695358276367
000000065736.jpg,YOLOv8m,fog,1,26.810646057128906
000000205105.jpg,YOLOv8m,fog,1,21.05426788330078
000000426376.jpg,YOLOv8m,fog,1,26.214599609375
000000025096.jpg,YOLOv8m,fog,2,26.22222900390625
000000204871.jpg,YOLOv8m,fog,0,28.731346130371094
000000270677.jpg,YOLOv8m,fog,1,27.657747268676758
000000475191.jpg,YOLOv8m,fog,1,25.58302879333496
000000377393.jpg,YOLOv8m,fog,0,24.299144744873047
000000303653.jpg,YOLOv8m,fog,4,25.545835494995117
000000459272.jpg,YOLOv8m,fog,3,25.76756477355957
000000238013.jpg,YOLOv8m,fog,1,25.765419006347656
000000270474.jpg,YOLOv8m,fog,1,27.332544326782227
000000508312.jpg,YOLOv8m,fog,0,24.358034133911133
000000295316.jpg,YOLOv8m,fog,3,22.614717483520508
000000262587.jpg,YOLOv8m,fog,1,21.976947784423828
000000066038.jpg,YOLOv8m,fog,3,24.98149871826172
000000516318.jpg,YOLOv8m,fog,2,25.840282440185547
000000352760.jpg,YOLOv8m,fog,1,26.349306106567383
000000475484.jpg,YOLOv8m,fog,3,26.49855613708496
000000532530.jpg,YOLOv8m,fog,0,26.06201171875
000000025057.jpg,YOLOv8m,fog,2,27.73737907409668
000000262487.jpg,YOLOv8m,fog,4,26.48758888244629
000000114884.jpg,YOLOv8m,fog,12,26.01933479309082
000000106912.jpg,YOLOv8m,fog,1,29.63995933532715
000000016451.jpg,YOLOv8m,fog,2,28.137922286987305
000000459195.jpg,YOLOv8m,fog,3,27.274370193481445
000000278749.jpg,YOLOv8m,fog,5,26.620149612426758
000000033104.jpg,YOLOv8m,fog,7,27.734041213989258
000000065798.jpg,YOLOv8m,fog,4,26.58700942993164
000000229659.jpg,YOLOv8m,fog,2,25.026798248291016
000000369037.jpg,YOLOv8m,fog,2,30.107975006103516
000000541123.jpg,YOLOv8m,fog,5,25.08258819580078
000000451084.jpg,YOLOv8m,fog,1,24.506092071533203
000000467315.jpg,YOLOv8m,fog,0,24.187326431274414
000000008690.jpg,YOLOv8m,fog,3,26.82042121887207
000000180751.jpg,YOLOv8m,fog,2,26.079893112182617
000000033221.jpg,YOLOv8m,fog,6,26.886701583862305
000000188592.jpg,YOLOv8m,fog,1,26.796817779541016
000000492110.jpg,YOLOv8m,fog,3,25.762319564819336
000000311394.jpg,YOLOv8m,fog,1,25.62999725341797
000000442746.jpg,YOLOv8m,fog,1,26.831865310668945
000000229601.jpg,YOLOv8m,fog,4,26.09705924987793
000000295478.jpg,YOLOv8m,fog,1,25.64382553100586
000000188465.jpg,YOLOv8m,fog,8,24.98316764831543
000000376900.jpg,YOLOv8m,fog,6,21.136999130249023
000000541055.jpg,YOLOv8m,fog,5,19.304513931274414
000000500270.jpg,YOLOv8m,fog,1,26.518583297729492
000000188439.jpg,YOLOv8m,fog,1,26.53336524963379
000000057672.jpg,YOLOv8m,fog,11,25.841474533081055
000000459153.jpg,YOLOv8m,fog,1,25.406360626220703
000000032817.jpg,YOLOv8m,fog,2,27.23240852355957
000000458992.jpg,YOLOv8m,fog,1,24.652719497680664
000000532855.jpg,YOLOv8m,fog,1,25.570154190063477
000000467511.jpg,YOLOv8m,fog,1,25.7871150970459
000000549055.jpg,YOLOv8m,fog,1,24.518728256225586
000000393226.jpg,YOLOv8m,fog,1,26.086091995239258
000000311392.jpg,YOLOv8m,fog,2,25.49433708190918
000000270883.jpg,YOLOv8m,fog,1,25.27451515197754
000000278973.jpg,YOLOv8m,fog,1,28.70464324951172
000000368961.jpg,YOLOv8m,fog,0,28.146743774414062
000000500257.jpg,YOLOv8m,fog,3,26.778459548950195
000000295138.jpg,YOLOv8m,fog,1,25.1462459564209
000000082085.jpg,YOLOv8m,fog,3,24.47795867919922
000000180487.jpg,YOLOv8m,fog,2,24.53160285949707
000000532493.jpg,YOLOv8m,fog,1,25.061845779418945
000000229948.jpg,YOLOv8m,fog,3,25.348424911499023
000000303566.jpg,YOLOv8m,fog,11,24.89781379699707
000000319607.jpg,YOLOv8m,fog,3,28.086423873901367
000000090284.jpg,YOLOv8m,fog,1,26.72719955444336
000000434204.jpg,YOLOv8m,fog,4,27.21548080444336
000000516677.jpg,YOLOv8m,fog,7,26.470422744750977
000000106757.jpg,YOLOv8m,fog,1,25.556564331054688
000000352684.jpg,YOLOv8m,fog,8,29.303550720214844
000000327701.jpg,YOLOv8m,fog,3,35.21418571472168
000000352582.jpg,YOLOv8m,fog,2,25.922298431396484
000000377239.jpg,YOLOv8m,fog,4,24.578332901000977
000000475572.jpg,YOLOv8m,fog,0,23.427486419677734
000000475387.jpg,YOLOv8m,fog,3,24.766921997070312
000000147725.jpg,YOLOv8m,fog,0,24.852275848388672
000000262631.jpg,YOLOv8m,fog,0,25.126218795776367
000000073946.jpg,YOLOv9m,fog,3,37.25552558898926
000000434247.jpg,YOLOv9m,fog,1,37.31417655944824
000000336265.jpg,YOLOv9m,fog,1,37.20235824584961
000000049259.jpg,YOLOv9m,fog,1,39.82973098754883
000000434548.jpg,YOLOv9m,fog,1,41.291236877441406
000000205324.jpg,YOLOv9m,fog,1,35.71200370788574
000000360960.jpg,YOLOv9m,fog,4,38.2237434387207
000000483667.jpg,YOLOv9m,fog,0,37.66751289367676
000000114907.jpg,YOLOv9m,fog,5,37.26029396057129
000000450686.jpg,YOLOv9m,fog,1,37.60361671447754
000000508370.jpg,YOLOv9m,fog,3,37.99033164978027
000000516601.jpg,YOLOv9m,fog,6,42.784690856933594
000000032941.jpg,YOLOv9m,fog,0,37.822723388671875
000000156071.jpg,YOLOv9m,fog,10,38.5434627532959
000000295420.jpg,YOLOv9m,fog,0,35.58921813964844
000000033005.jpg,YOLOv9m,fog,2,36.91554069519043
000000147740.jpg,YOLOv9m,fog,6,37.87946701049805
000000516173.jpg,YOLOv9m,fog,1,37.107229232788086
000000221754.jpg,YOLOv9m,fog,0,36.38315200805664
000000360661.jpg,YOLOv9m,fog,3,38.71345520019531
000000065736.jpg,YOLOv9m,fog,1,37.25910186767578
000000205105.jpg,YOLOv9m,fog,1,36.53573989868164
000000426376.jpg,YOLOv9m,fog,0,36.691904067993164
000000025096.jpg,YOLOv9m,fog,2,37.2467041015625
000000204871.jpg,YOLOv9m,fog,0,53.74598503112793
000000270677.jpg,YOLOv9m,fog,1,36.92793846130371
000000475191.jpg,YOLOv9m,fog,1,30.181169509887695
000000377393.jpg,YOLOv9m,fog,0,27.40001678466797
000000303653.jpg,YOLOv9m,fog,3,27.39548683166504
000000459272.jpg,YOLOv9m,fog,4,38.09666633605957
000000238013.jpg,YOLOv9m,fog,1,38.5432243347168
000000270474.jpg,YOLOv9m,fog,1,39.23439979553223
000000508312.jpg,YOLOv9m,fog,0,37.43386268615723
000000295316.jpg,YOLOv9m,fog,0,37.37211227416992
000000262587.jpg,YOLOv9m,fog,1,37.1396541595459
000000066038.jpg,YOLOv9m,fog,3,36.50188446044922
000000516318.jpg,YOLOv9m,fog,1,37.168025970458984
000000352760.jpg,YOLOv9m,fog,1,39.31736946105957
000000475484.jpg,YOLOv9m,fog,0,43.930768966674805
000000532530.jpg,YOLOv9m,fog,0,36.12375259399414
000000025057.jpg,YOLOv9m,fog,2,36.481380462646484
000000262487.jpg,YOLOv9m,fog,3,30.605316162109375
000000114884.jpg,YOLOv9m,fog,11,29.5259952545166
000000106912.jpg,YOLOv9m,fog,1,31.718015670776367
000000016451.jpg,YOLOv9m,fog,2,32.79566764831543
000000459195.jpg,YOLOv9m,fog,3,43.78461837768555
000000278749.jpg,YOLOv9m,fog,4,41.860103607177734
000000033104.jpg,YOLOv9m,fog,4,43.3499813079834
000000065798.jpg,YOLOv9m,fog,3,40.77005386352539
000000229659.jpg,YOLOv9m,fog,2,37.63270378112793
000000369037.jpg,YOLOv9m,fog,1,37.69326210021973
000000541123.jpg,YOLOv9m,fog,6,37.11748123168945
000000451084.jpg,YOLOv9m,fog,1,36.420583724975586
000000467315.jpg,YOLOv9m,fog,0,37.61100769042969
000000008690.jpg,YOLOv9m,fog,2,45.81260681152344
000000180751.jpg,YOLOv9m,fog,2,42.87433624267578
000000033221.jpg,YOLOv9m,fog,6,34.48653221130371
000000188592.jpg,YOLOv9m,fog,1,36.3917350769043
000000492110.jpg,YOLOv9m,fog,3,36.21864318847656
000000311394.jpg,YOLOv9m,fog,1,35.92109680175781
000000442746.jpg,YOLOv9m,fog,0,36.397695541381836
000000229601.jpg,YOLOv9m,fog,4,35.92371940612793
000000295478.jpg,YOLOv9m,fog,1,36.64994239807129
000000188465.jpg,YOLOv9m,fog,3,36.68570518493652
000000376900.jpg,YOLOv9m,fog,6,39.43371772766113
000000541055.jpg,YOLOv9m,fog,5,40.804386138916016
000000500270.jpg,YOLOv9m,fog,0,34.38615798950195
000000188439.jpg,YOLOv9m,fog,0,35.11214256286621
000000057672.jpg,YOLOv9m,fog,10,36.348581314086914
000000459153.jpg,YOLOv9m,fog,1,36.30375862121582
000000032817.jpg,YOLOv9m,fog,2,36.42129898071289
000000458992.jpg,YOLOv9m,fog,1,35.337209701538086
000000532855.jpg,YOLOv9m,fog,1,36.00001335144043
000000467511.jpg,YOLOv9m,fog,2,36.39650344848633
000000549055.jpg,YOLOv9m,fog,1,34.926652908325195
000000393226.jpg,YOLOv9m,fog,1,37.168264389038086
000000311392.jpg,YOLOv9m,fog,1,36.67283058166504
000000270883.jpg,YOLOv9m,fog,1,36.615848541259766
000000278973.jpg,YOLOv9m,fog,1,36.86332702636719
000000368961.jpg,YOLOv9m,fog,0,35.889625549316406
000000500257.jpg,YOLOv9m,fog,3,38.14363479614258
000000295138.jpg,YOLOv9m,fog,1,36.18979454040527
000000082085.jpg,YOLOv9m,fog,3,35.318851470947266
000000180487.jpg,YOLOv9m,fog,2,36.10038757324219
000000532493.jpg,YOLOv9m,fog,1,49.591779708862305
000000229948.jpg,YOLOv9m,fog,1,37.44935989379883
000000303566.jpg,YOLOv9m,fog,11,34.09385681152344
000000319607.jpg,YOLOv9m,fog,1,41.66126251220703
000000090284.jpg,YOLOv9m,fog,1,38.0551815032959
000000434204.jpg,YOLOv9m,fog,2,39.31164741516113
000000516677.jpg,YOLOv9m,fog,7,38.064002990722656
000000106757.jpg,YOLOv9m,fog,1,43.001651763916016
000000352684.jpg,YOLOv9m,fog,7,37.26506233215332
000000327701.jpg,YOLOv9m,fog,4,36.65280342102051
000000352582.jpg,YOLOv9m,fog,2,36.43369674682617
000000377239.jpg,YOLOv9m,fog,4,36.986589431762695
000000475572.jpg,YOLOv9m,fog,0,34.815311431884766
000000475387.jpg,YOLOv9m,fog,2,35.738468170166016
000000147725.jpg,YOLOv9m,fog,0,35.752296447753906
000000262631.jpg,YOLOv9m,fog,1,37.990570068359375
000000073946.jpg,YOLOv10m,fog,2,30.38763999938965
000000434247.jpg,YOLOv10m,fog,1,30.723094940185547
000000336265.jpg,YOLOv10m,fog,1,31.12649917602539
000000049259.jpg,YOLOv10m,fog,1,30.958890914916992
000000434548.jpg,YOLOv10m,fog,1,31.26835823059082
000000205324.jpg,YOLOv10m,fog,1,30.628442764282227
000000360960.jpg,YOLOv10m,fog,4,33.51569175720215
000000483667.jpg,YOLOv10m,fog,0,30.29036521911621
000000114907.jpg,YOLOv10m,fog,3,30.99203109741211
000000450686.jpg,YOLOv10m,fog,1,31.349658966064453
000000508370.jpg,YOLOv10m,fog,4,31.16440773010254
000000516601.jpg,YOLOv10m,fog,6,31.081199645996094
000000032941.jpg,YOLOv10m,fog,0,32.43660926818848
000000156071.jpg,YOLOv10m,fog,6,33.112525939941406
000000295420.jpg,YOLOv10m,fog,0,31.126737594604492
000000033005.jpg,YOLOv10m,fog,2,33.77962112426758
000000147740.jpg,YOLOv10m,fog,3,42.93560981750488
000000516173.jpg,YOLOv10m,fog,1,40.73977470397949
000000221754.jpg,YOLOv10m,fog,0,45.64261436462402
000000360661.jpg,YOLOv10m,fog,4,36.341190338134766
000000065736.jpg,YOLOv10m,fog,1,37.2929573059082
000000205105.jpg,YOLOv10m,fog,1,33.65445137023926
000000426376.jpg,YOLOv10m,fog,1,31.424283981323242
000000025096.jpg,YOLOv10m,fog,3,31.70609474182129
000000204871.jpg,YOLOv10m,fog,0,35.49480438232422
000000270677.jpg,YOLOv10m,fog,1,31.623125076293945
000000475191.jpg,YOLOv10m,fog,1,30.82275390625
000000377393.jpg,YOLOv10m,fog,0,30.422449111938477
000000303653.jpg,YOLOv10m,fog,3,30.72071075439453
000000459272.jpg,YOLOv10m,fog,3,31.23188018798828
000000238013.jpg,YOLOv10m,fog,1,31.36610984802246
000000270474.jpg,YOLOv10m,fog,1,31.902074813842773
000000508312.jpg,YOLOv10m,fog,0,31.484365463256836
000000295316.jpg,YOLOv10m,fog,1,31.495332717895508
000000262587.jpg,YOLOv10m,fog,1,30.435800552368164
000000066038.jpg,YOLOv10m,fog,3,30.774593353271484
000000516318.jpg,YOLOv10m,fog,1,30.887603759765625
000000352760.jpg,YOLOv10m,fog,1,31.91995620727539
000000475484.jpg,YOLOv10m,fog,0,30.800819396972656
000000532530.jpg,YOLOv10m,fog,0,31.48651123046875
000000025057.jpg,YOLOv10m,fog,2,30.45654296875
000000262487.jpg,YOLOv10m,fog,4,31.283855438232422
000000114884.jpg,YOLOv10m,fog,9,31.632184982299805
000000106912.jpg,YOLOv10m,fog,1,34.532785415649414
000000016451.jpg,YOLOv10m,fog,1,33.11896324157715
000000459195.jpg,YOLOv10m,fog,4,25.45619010925293
000000278749.jpg,YOLOv10m,fog,4,25.118589401245117
000000033104.jpg,YOLOv10m,fog,4,22.87149429321289
000000065798.jpg,YOLOv10m,fog,3,33.00285339355469
000000229659.jpg,YOLOv10m,fog,2,32.610177993774414
000000369037.jpg,YOLOv10m,fog,0,32.35912322998047
000000541123.jpg,YOLOv10m,fog,5,37.79864311218262
000000451084.jpg,YOLOv10m,fog,1,41.510581970214844
000000467315.jpg,YOLOv10m,fog,0,30.888795852661133
000000008690.jpg,YOLOv10m,fog,2,30.388355255126953
000000180751.jpg,YOLOv10m,fog,1,30.64727783203125
000000033221.jpg,YOLOv10m,fog,6,32.064199447631836
000000188592.jpg,YOLOv10m,fog,1,31.923770904541016
000000492110.jpg,YOLOv10m,fog,3,30.695199966430664
000000311394.jpg,YOLOv10m,fog,1,31.864166259765625
000000442746.jpg,YOLOv10m,fog,1,32.358407974243164
000000229601.jpg,YOLOv10m,fog,4,31.037569046020508
000000295478.jpg,YOLOv10m,fog,1,31.754732131958008
000000188465.jpg,YOLOv10m,fog,4,31.155109405517578
000000376900.jpg,YOLOv10m,fog,4,31.48674964904785
000000541055.jpg,YOLOv10m,fog,5,31.12626075744629
000000500270.jpg,YOLOv10m,fog,0,30.56812286376953
000000188439.jpg,YOLOv10m,fog,0,31.443119049072266
000000057672.jpg,YOLOv10m,fog,7,31.47602081298828
000000459153.jpg,YOLOv10m,fog,1,31.070470809936523
000000032817.jpg,YOLOv10m,fog,2,31.662940979003906
000000458992.jpg,YOLOv10m,fog,1,30.83324432373047
000000532855.jpg,YOLOv10m,fog,1,31.502485275268555
000000467511.jpg,YOLOv10m,fog,2,31.157732009887695
000000549055.jpg,YOLOv10m,fog,1,30.148744583129883
000000393226.jpg,YOLOv10m,fog,1,32.41467475891113
000000311392.jpg,YOLOv10m,fog,1,32.16242790222168
000000270883.jpg,YOLOv10m,fog,1,31.378507614135742
000000278973.jpg,YOLOv10m,fog,1,31.34918212890625
000000368961.jpg,YOLOv10m,fog,0,31.939983367919922
000000500257.jpg,YOLOv10m,fog,2,33.67185592651367
000000295138.jpg,YOLOv10m,fog,1,31.200170516967773
000000082085.jpg,YOLOv10m,fog,3,30.391931533813477
000000180487.jpg,YOLOv10m,fog,2,34.293174743652344
000000532493.jpg,YOLOv10m,fog,1,36.211252212524414
000000229948.jpg,YOLOv10m,fog,1,31.76403045654297
000000303566.jpg,YOLOv10m,fog,11,29.57320213317871
000000319607.jpg,YOLOv10m,fog,1,29.987096786499023
000000090284.jpg,YOLOv10m,fog,1,29.10590171813965
000000434204.jpg,YOLOv10m,fog,1,30.890226364135742
000000516677.jpg,YOLOv10m,fog,7,31.716346740722656
000000106757.jpg,YOLOv10m,fog,1,31.183481216430664
000000352684.jpg,YOLOv10m,fog,7,29.965877532958984
000000327701.jpg,YOLOv10m,fog,3,31.283140182495117
000000352582.jpg,YOLOv10m,fog,2,31.469106674194336
000000377239.jpg,YOLOv10m,fog,3,31.299591064453125
000000475572.jpg,YOLOv10m,fog,0,29.764413833618164
000000475387.jpg,YOLOv10m,fog,2,31.06546401977539
000000147725.jpg,YOLOv10m,fog,0,30.864715576171875
000000262631.jpg,YOLOv10m,fog,0,32.451629638671875
000000073946.jpg,YOLOv8m,occlusion,2,27.948856353759766
000000434247.jpg,YOLOv8m,occlusion,2,29.352903366088867
000000336265.jpg,YOLOv8m,occlusion,1,29.94394302368164
000000049259.jpg,YOLOv8m,occlusion,2,29.843568801879883
000000434548.jpg,YOLOv8m,occlusion,1,30.524253845214844
000000205324.jpg,YOLOv8m,occlusion,1,28.673887252807617
000000360960.jpg,YOLOv8m,occlusion,7,30.30705451965332
000000483667.jpg,YOLOv8m,occlusion,1,27.014493942260742
000000114907.jpg,YOLOv8m,occlusion,15,30.420780181884766
000000450686.jpg,YOLOv8m,occlusion,1,28.52010726928711
000000508370.jpg,YOLOv8m,occlusion,3,29.998779296875
000000516601.jpg,YOLOv8m,occlusion,10,28.470754623413086
000000032941.jpg,YOLOv8m,occlusion,6,30.660152435302734
000000156071.jpg,YOLOv8m,occlusion,14,29.910802841186523
000000295420.jpg,YOLOv8m,occlusion,2,27.916908264160156
000000033005.jpg,YOLOv8m,occlusion,1,28.42879295349121
000000147740.jpg,YOLOv8m,occlusion,7,37.51492500305176
000000516173.jpg,YOLOv8m,occlusion,2,33.479928970336914
000000221754.jpg,YOLOv8m,occlusion,5,28.645038604736328
000000360661.jpg,YOLOv8m,occlusion,4,29.029130935668945
000000065736.jpg,YOLOv8m,occlusion,1,27.529478073120117
000000205105.jpg,YOLOv8m,occlusion,1,26.67546272277832
000000426376.jpg,YOLOv8m,occlusion,1,32.363176345825195
000000025096.jpg,YOLOv8m,occlusion,3,27.06289291381836
000000204871.jpg,YOLOv8m,occlusion,2,39.9165153503418
000000270677.jpg,YOLOv8m,occlusion,1,29.776334762573242
000000475191.jpg,YOLOv8m,occlusion,1,28.926372528076172
000000377393.jpg,YOLOv8m,occlusion,3,28.27739715576172
000000303653.jpg,YOLOv8m,occlusion,3,29.95014190673828
000000459272.jpg,YOLOv8m,occlusion,10,28.6257266998291
000000238013.jpg,YOLOv8m,occlusion,1,29.11972999572754
000000270474.jpg,YOLOv8m,occlusion,1,29.58536148071289
000000508312.jpg,YOLOv8m,occlusion,0,27.544736862182617
000000295316.jpg,YOLOv8m,occlusion,4,29.01625633239746
000000262587.jpg,YOLOv8m,occlusion,1,27.628421783447266
000000066038.jpg,YOLOv8m,occlusion,5,29.359817504882812
000000516318.jpg,YOLOv8m,occlusion,2,28.374910354614258
000000352760.jpg,YOLOv8m,occlusion,1,29.526233673095703
000000475484.jpg,YOLOv8m,occlusion,3,28.667449951171875
000000532530.jpg,YOLOv8m,occlusion,3,28.82242202758789
000000025057.jpg,YOLOv8m,occlusion,2,28.405427932739258
000000262487.jpg,YOLOv8m,occlusion,4,30.85041046142578
000000114884.jpg,YOLOv8m,occlusion,12,29.96373176574707
000000106912.jpg,YOLOv8m,occlusion,1,32.61852264404297
000000016451.jpg,YOLOv8m,occlusion,1,33.677101135253906
000000459195.jpg,YOLOv8m,occlusion,3,30.059099197387695
000000278749.jpg,YOLOv8m,occlusion,7,29.631853103637695
000000033104.jpg,YOLOv8m,occlusion,5,32.76634216308594
000000065798.jpg,YOLOv8m,occlusion,6,28.916120529174805
000000229659.jpg,YOLOv8m,occlusion,5,29.067277908325195
000000369037.jpg,YOLOv8m,occlusion,1,35.27188301086426
000000541123.jpg,YOLOv8m,occlusion,7,29.51979637145996
000000451084.jpg,YOLOv8m,occlusion,1,28.22399139404297
000000467315.jpg,YOLOv8m,occlusion,2,28.24544906616211
000000008690.jpg,YOLOv8m,occlusion,4,30.31325340270996
000000180751.jpg,YOLOv8m,occlusion,2,29.0987491607666
000000033221.jpg,YOLOv8m,occlusion,9,29.37912940979004
000000188592.jpg,YOLOv8m,occlusion,1,30.319929122924805
000000492110.jpg,YOLOv8m,occlusion,3,29.282331466674805
000000311394.jpg,YOLOv8m,occlusion,1,30.40313720703125
000000442746.jpg,YOLOv8m,occlusion,1,28.35988998413086
000000229601.jpg,YOLOv8m,occlusion,9,26.545286178588867
000000295478.jpg,YOLOv8m,occlusion,1,27.251243591308594
000000188465.jpg,YOLOv8m,occlusion,11,29.771089553833008
000000376900.jpg,YOLOv8m,occlusion,13,29.436349868774414
000000541055.jpg,YOLOv8m,occlusion,5,28.460264205932617
000000500270.jpg,YOLOv8m,occlusion,4,28.06878089904785
000000188439.jpg,YOLOv8m,occlusion,1,29.46758270263672
000000057672.jpg,YOLOv8m,occlusion,14,29.232025146484375
000000459153.jpg,YOLOv8m,occlusion,1,29.752731323242188
000000032817.jpg,YOLOv8m,occlusion,2,28.868675231933594
000000458992.jpg,YOLOv8m,occlusion,1,27.652740478515625
000000532855.jpg,YOLOv8m,occlusion,2,28.57351303100586
000000467511.jpg,YOLOv8m,occlusion,2,28.779268264770508
000000549055.jpg,YOLOv8m,occlusion,1,27.015209197998047
000000393226.jpg,YOLOv8m,occlusion,1,29.128551483154297
000000311392.jpg,YOLOv8m,occlusion,2,28.615236282348633
000000270883.jpg,YOLOv8m,occlusion,1,27.0843505859375
000000278973.jpg,YOLOv8m,occlusion,1,27.95267105102539
000000368961.jpg,YOLOv8m,occlusion,2,27.956247329711914
000000500257.jpg,YOLOv8m,occlusion,4,29.65092658996582
000000295138.jpg,YOLOv8m,occlusion,2,31.470298767089844
000000082085.jpg,YOLOv8m,occlusion,6,28.112411499023438
000000180487.jpg,YOLOv8m,occlusion,2,27.692317962646484
000000532493.jpg,YOLOv8m,occlusion,1,35.56084632873535
000000229948.jpg,YOLOv8m,occlusion,9,29.578208923339844
000000303566.jpg,YOLOv8m,occlusion,19,27.762174606323242
000000319607.jpg,YOLOv8m,occlusion,1,30.735492706298828
000000090284.jpg,YOLOv8m,occlusion,1,29.584407806396484
000000434204.jpg,YOLOv8m,occlusion,4,29.228687286376953
000000516677.jpg,YOLOv8m,occlusion,8,30.150890350341797
000000106757.jpg,YOLOv8m,occlusion,2,29.33478355407715
000000352684.jpg,YOLOv8m,occlusion,9,27.244091033935547
000000327701.jpg,YOLOv8m,occlusion,4,28.63788604736328
000000352582.jpg,YOLOv8m,occlusion,2,28.127670288085938
000000377239.jpg,YOLOv8m,occlusion,5,28.78570556640625
000000475572.jpg,YOLOv8m,occlusion,2,27.425765991210938
000000475387.jpg,YOLOv8m,occlusion,11,35.205841064453125
000000147725.jpg,YOLOv8m,occlusion,2,37.73760795593262
000000262631.jpg,YOLOv8m,occlusion,3,27.2674560546875
000000073946.jpg,YOLOv9m,occlusion,2,39.00861740112305
000000434247.jpg,YOLOv9m,occlusion,2,42.19818115234375
000000336265.jpg,YOLOv9m,occlusion,1,42.39702224731445
000000049259.jpg,YOLOv9m,occlusion,1,42.234182357788086
000000434548.jpg,YOLOv9m,occlusion,1,46.10157012939453
000000205324.jpg,YOLOv9m,occlusion,1,41.423797607421875
000000360960.jpg,YOLOv9m,occlusion,7,41.11528396606445
000000483667.jpg,YOLOv9m,occlusion,1,39.49785232543945
000000114907.jpg,YOLOv9m,occlusion,21,41.35560989379883
000000450686.jpg,YOLOv9m,occlusion,1,40.93670845031738
000000508370.jpg,YOLOv9m,occlusion,3,40.189504623413086
000000516601.jpg,YOLOv9m,occlusion,11,38.24758529663086
000000032941.jpg,YOLOv9m,occlusion,3,35.73298454284668
000000156071.jpg,YOLOv9m,occlusion,12,49.27778244018555
000000295420.jpg,YOLOv9m,occlusion,2,40.3592586517334
000000033005.jpg,YOLOv9m,occlusion,1,40.64488410949707
000000147740.jpg,YOLOv9m,occlusion,7,42.220354080200195
000000516173.jpg,YOLOv9m,occlusion,1,40.79580307006836
000000221754.jpg,YOLOv9m,occlusion,4,40.912628173828125
000000360661.jpg,YOLOv9m,occlusion,4,41.25571250915527
000000065736.jpg,YOLOv9m,occlusion,1,41.48101806640625
000000205105.jpg,YOLOv9m,occlusion,1,39.27874565124512
000000426376.jpg,YOLOv9m,occlusion,1,41.03851318359375
000000025096.jpg,YOLOv9m,occlusion,3,40.12441635131836
000000204871.jpg,YOLOv9m,occlusion,2,47.99389839172363
000000270677.jpg,YOLOv9m,occlusion,1,41.67532920837402
000000475191.jpg,YOLOv9m,occlusion,1,40.68326950073242
000000377393.jpg,YOLOv9m,occlusion,2,39.72220420837402
000000303653.jpg,YOLOv9m,occlusion,3,41.05877876281738
000000459272.jpg,YOLOv9m,occlusion,9,39.93368148803711
000000238013.jpg,YOLOv9m,occlusion,1,40.25840759277344
000000270474.jpg,YOLOv9m,occlusion,1,41.7017936706543
000000508312.jpg,YOLOv9m,occlusion,0,40.0090217590332
000000295316.jpg,YOLOv9m,occlusion,3,40.77267646789551
000000262587.jpg,YOLOv9m,occlusion,1,39.44969177246094
000000066038.jpg,YOLOv9m,occlusion,5,44.75569725036621
000000516318.jpg,YOLOv9m,occlusion,2,40.556907653808594
000000352760.jpg,YOLOv9m,occlusion,1,44.81625556945801
000000475484.jpg,YOLOv9m,occlusion,3,40.44389724731445
000000532530.jpg,YOLOv9m,occlusion,3,40.19761085510254
000000025057.jpg,YOLOv9m,occlusion,2,40.44175148010254
000000262487.jpg,YOLOv9m,occlusion,3,42.45185852050781
000000114884.jpg,YOLOv9m,occlusion,12,41.14890098571777
000000106912.jpg,YOLOv9m,occlusion,1,45.61614990234375
000000016451.jpg,YOLOv9m,occlusion,1,45.8979606628418
000000459195.jpg,YOLOv9m,occlusion,3,42.46068000793457
000000278749.jpg,YOLOv9m,occlusion,7,41.11957550048828
000000033104.jpg,YOLOv9m,occlusion,7,43.70713233947754
000000065798.jpg,YOLOv9m,occlusion,6,43.14160346984863
000000229659.jpg,YOLOv9m,occlusion,5,40.5881404876709
000000369037.jpg,YOLOv9m,occlusion,1,43.291330337524414
000000541123.jpg,YOLOv9m,occlusion,9,50.827741622924805
000000451084.jpg,YOLOv9m,occlusion,1,38.61546516418457
000000467315.jpg,YOLOv9m,occlusion,2,36.32831573486328
000000008690.jpg,YOLOv9m,occlusion,5,41.5952205657959
000000180751.jpg,YOLOv9m,occlusion,2,42.10710525512695
000000033221.jpg,YOLOv9m,occlusion,10,43.303489685058594
000000188592.jpg,YOLOv9m,occlusion,1,43.15471649169922
000000492110.jpg,YOLOv9m,occlusion,4,42.24872589111328
000000311394.jpg,YOLOv9m,occlusion,1,43.49803924560547
000000442746.jpg,YOLOv9m,occlusion,1,48.03895950317383
000000229601.jpg,YOLOv9m,occlusion,8,40.11726379394531
000000295478.jpg,YOLOv9m,occlusion,1,36.665916442871094
000000188465.jpg,YOLOv9m,occlusion,8,34.5158576965332
000000376900.jpg,YOLOv9m,occlusion,11,36.53383255004883
000000541055.jpg,YOLOv9m,occlusion,5,39.59202766418457
000000500270.jpg,YOLOv9m,occlusion,4,39.37697410583496
000000188439.jpg,YOLOv9m,occlusion,1,41.07403755187988
000000057672.jpg,YOLOv9m,occlusion,17,40.98939895629883
000000459153.jpg,YOLOv9m,occlusion,1,42.53506660461426
000000032817.jpg,YOLOv9m,occlusion,2,41.26715660095215
000000458992.jpg,YOLOv9m,occlusion,1,40.467023849487305
000000532855.jpg,YOLOv9m,occlusion,1,42.22846031188965
000000467511.jpg,YOLOv9m,occlusion,2,43.46632957458496
000000549055.jpg,YOLOv9m,occlusion,1,39.90674018859863
000000393226.jpg,YOLOv9m,occlusion,1,42.68646240234375
000000311392.jpg,YOLOv9m,occlusion,2,41.40138626098633
000000270883.jpg,YOLOv9m,occlusion,1,40.04716873168945
000000278973.jpg,YOLOv9m,occlusion,1,56.089162826538086
000000368961.jpg,YOLOv9m,occlusion,2,50.14443397521973
000000500257.jpg,YOLOv9m,occlusion,4,39.893150329589844
000000295138.jpg,YOLOv9m,occlusion,2,41.63861274719238
000000082085.jpg,YOLOv9m,occlusion,4,40.65060615539551
000000180487.jpg,YOLOv9m,occlusion,2,43.656110763549805
000000532493.jpg,YOLOv9m,occlusion,1,44.36135292053223
000000229948.jpg,YOLOv9m,occlusion,10,41.63336753845215
000000303566.jpg,YOLOv9m,occlusion,18,40.03739356994629
000000319607.jpg,YOLOv9m,occlusion,2,44.96169090270996
000000090284.jpg,YOLOv9m,occlusion,1,42.075157165527344
000000434204.jpg,YOLOv9m,occlusion,4,41.64528846740723
000000516677.jpg,YOLOv9m,occlusion,8,42.023658752441406
000000106757.jpg,YOLOv9m,occlusion,1,41.319847106933594
000000352684.jpg,YOLOv9m,occlusion,9,38.6962890625
000000327701.jpg,YOLOv9m,occlusion,4,40.860891342163086
000000352582.jpg,YOLOv9m,occlusion,2,40.1153564453125
000000377239.jpg,YOLOv9m,occlusion,4,40.59147834777832
000000475572.jpg,YOLOv9m,occlusion,2,41.77355766296387
000000475387.jpg,YOLOv9m,occlusion,9,45.26805877685547
000000147725.jpg,YOLOv9m,occlusion,2,44.06332969665527
000000262631.jpg,YOLOv9m,occlusion,3,45.0131893157959
000000073946.jpg,YOLOv10m,occlusion,2,36.26656532287598
000000434247.jpg,YOLOv10m,occlusion,5,37.37783432006836
000000336265.jpg,YOLOv10m,occlusion,1,35.921335220336914
000000049259.jpg,YOLOv10m,occlusion,2,34.189462661743164
000000434548.jpg,YOLOv10m,occlusion,1,33.78415107727051
000000205324.jpg,YOLOv10m,occlusion,1,45.57657241821289
000000360960.jpg,YOLOv10m,occlusion,6,34.6674919128418
000000483667.jpg,YOLOv10m,occlusion,1,28.590679168701172
000000114907.jpg,YOLOv10m,occlusion,8,37.83416748046875
000000450686.jpg,YOLOv10m,occlusion,1,46.051025390625
000000508370.jpg,YOLOv10m,occlusion,2,38.13314437866211
000000516601.jpg,YOLOv10m,occlusion,9,31.68630599975586
000000032941.jpg,YOLOv10m,occlusion,2,33.632755279541016
000000156071.jpg,YOLOv10m,occlusion,8,34.19637680053711
000000295420.jpg,YOLOv10m,occlusion,1,33.14018249511719
000000033005.jpg,YOLOv10m,occlusion,1,34.04402732849121
000000147740.jpg,YOLOv10m,occlusion,7,34.6219539642334
000000516173.jpg,YOLOv10m,occlusion,2,33.00166130065918
000000221754.jpg,YOLOv10m,occlusion,4,33.84733200073242
000000360661.jpg,YOLOv10m,occlusion,4,34.12938117980957
000000065736.jpg,YOLOv10m,occlusion,1,33.09512138366699
000000205105.jpg,YOLOv10m,occlusion,1,32.49192237854004
000000426376.jpg,YOLOv10m,occlusion,1,34.09171104431152
000000025096.jpg,YOLOv10m,occlusion,3,34.70134735107422
000000204871.jpg,YOLOv10m,occlusion,1,38.09952735900879
000000270677.jpg,YOLOv10m,occlusion,1,36.59677505493164
000000475191.jpg,YOLOv10m,occlusion,1,33.699750900268555
000000377393.jpg,YOLOv10m,occlusion,1,33.36024284362793
000000303653.jpg,YOLOv10m,occlusion,3,34.55662727355957
000000459272.jpg,YOLOv10m,occlusion,9,33.344268798828125
000000238013.jpg,YOLOv10m,occlusion,1,33.75411033630371
000000270474.jpg,YOLOv10m,occlusion,1,35.87841987609863
000000508312.jpg,YOLOv10m,occlusion,0,34.25288200378418
000000295316.jpg,YOLOv10m,occlusion,3,33.872365951538086
000000262587.jpg,YOLOv10m,occlusion,1,33.158063888549805
000000066038.jpg,YOLOv10m,occlusion,4,46.16284370422363
000000516318.jpg,YOLOv10m,occlusion,1,39.13593292236328
000000352760.jpg,YOLOv10m,occlusion,1,46.83566093444824
000000475484.jpg,YOLOv10m,occlusion,3,35.964012145996094
000000532530.jpg,YOLOv10m,occlusion,3,32.40704536437988
000000025057.jpg,YOLOv10m,occlusion,2,34.1639518737793
000000262487.jpg,YOLOv10m,occlusion,4,35.75396537780762
000000114884.jpg,YOLOv10m,occlusion,11,35.593509674072266
000000106912.jpg,YOLOv10m,occlusion,1,38.32077980041504
000000016451.jpg,YOLOv10m,occlusion,1,39.70694541931152
000000459195.jpg,YOLOv10m,occlusion,3,36.507368087768555
000000278749.jpg,YOLOv10m,occlusion,7,35.07685661315918
000000033104.jpg,YOLOv10m,occlusion,6,37.163734436035156
000000065798.jpg,YOLOv10m,occlusion,4,36.057472229003906
000000229659.jpg,YOLOv10m,occlusion,5,34.11245346069336
000000369037.jpg,YOLOv10m,occlusion,1,34.3317985534668
000000541123.jpg,YOLOv10m,occlusion,8,40.36521911621094
000000451084.jpg,YOLOv10m,occlusion,1,32.92107582092285
000000467315.jpg,YOLOv10m,occlusion,3,30.207157135009766
000000008690.jpg,YOLOv10m,occlusion,3,34.80815887451172
000000180751.jpg,YOLOv10m,occlusion,2,33.46753120422363
000000033221.jpg,YOLOv10m,occlusion,10,33.85472297668457
000000188592.jpg,YOLOv10m,occlusion,1,34.741878509521484
000000492110.jpg,YOLOv10m,occlusion,3,34.11269187927246
000000311394.jpg,YOLOv10m,occlusion,1,34.73711013793945
000000442746.jpg,YOLOv10m,occlusion,1,35.143136978149414
000000229601.jpg,YOLOv10m,occlusion,9,34.212589263916016
000000295478.jpg,YOLOv10m,occlusion,1,35.154104232788086
000000188465.jpg,YOLOv10m,occlusion,7,34.79886054992676
000000376900.jpg,YOLOv10m,occlusion,8,34.83843803405762
000000541055.jpg,YOLOv10m,occlusion,5,34.281015396118164
000000500270.jpg,YOLOv10m,occlusion,4,42.4041748046875
000000188439.jpg,YOLOv10m,occlusion,1,37.01305389404297
000000057672.jpg,YOLOv10m,occlusion,12,30.515670776367188
000000459153.jpg,YOLOv10m,occlusion,1,32.575368881225586
000000032817.jpg,YOLOv10m,occlusion,2,35.28308868408203
000000458992.jpg,YOLOv10m,occlusion,2,34.676313400268555
000000532855.jpg,YOLOv10m,occlusion,1,35.69173812866211
000000467511.jpg,YOLOv10m,occlusion,2,36.49258613586426
000000549055.jpg,YOLOv10m,occlusion,1,38.13648223876953
000000393226.jpg,YOLOv10m,occlusion,1,41.69106483459473
000000311392.jpg,YOLOv10m,occlusion,2,39.10660743713379
000000270883.jpg,YOLOv10m,occlusion,1,35.314321517944336
000000278973.jpg,YOLOv10m,occlusion,1,39.23916816711426
000000368961.jpg,YOLOv10m,occlusion,2,36.01574897766113
000000500257.jpg,YOLOv10m,occlusion,3,38.259267807006836
000000295138.jpg,YOLOv10m,occlusion,2,36.56363487243652
000000082085.jpg,YOLOv10m,occlusion,4,36.17715835571289
000000180487.jpg,YOLOv10m,occlusion,3,35.685062408447266
000000532493.jpg,YOLOv10m,occlusion,1,37.165164947509766
000000229948.jpg,YOLOv10m,occlusion,8,36.51571273803711
000000303566.jpg,YOLOv10m,occlusion,18,35.91442108154297
000000319607.jpg,YOLOv10m,occlusion,3,38.86580467224121
000000090284.jpg,YOLOv10m,occlusion,1,36.107778549194336
000000434204.jpg,YOLOv10m,occlusion,3,35.33005714416504
000000516677.jpg,YOLOv10m,occlusion,8,36.80562973022461
000000106757.jpg,YOLOv10m,occlusion,1,36.38911247253418
000000352684.jpg,YOLOv10m,occlusion,8,34.86824035644531
000000327701.jpg,YOLOv10m,occlusion,4,43.17927360534668
000000352582.jpg,YOLOv10m,occlusion,2,36.666154861450195
000000377239.jpg,YOLOv10m,occlusion,4,36.081552505493164
000000475572.jpg,YOLOv10m,occlusion,2,34.66153144836426
000000475387.jpg,YOLOv10m,occlusion,11,40.1611328125
000000147725.jpg,YOLOv10m,occlusion,3,42.51813888549805
000000262631.jpg,YOLOv10m,occlusion,0,47.26433753967285
